Tanggal_Terjual,Kategori,Size,Jumlah_Terjual, Harga_Satuan , Total_Harga ,Nama_Penjual,Kota_Tujuan
5/4/2024,Standard,20 cm,1,"2,200,000", 2.200.000 ,Rosyid,Depok
5/9/2024,Standard,15 cm,1,"1,400,000", 1.400.000 ,Haddy,Bekasi
5/11/2024,Standard,15 cm,1,"1,400,000", 1.400.000 ,Ibnu,Bogor
5/28/2024,Standard,15 cm,1,"850,000","850,000",Haddy,Jakarta
6/4/2024,Standard,15 cm,1,"1,300,000", 1.300.000 ,Rosyid,Bogor
6/8/2024,Standard,15 cm,1,"1,400,000", 1.400.000 ,Ajo,Tangerang
6/19/2024,Standard,15 cm,1,"1,300,000", 1.300.000 ,Latif,Bekasi
7/15/2024,Standard,15 cm,1,"1,400,000", 1.400.000 ,Eka,Bekasi
8/1/2024,Standard,15 cm,1,"1,400,000", 1.400.000 ,Eka,Jakarta
8/4/2024,Standard,15 cm,1,"1,400,000", 1.400.000 ,Eka,Depok
5/8/2024,Standard,15 cm,8,"1,200,000", 9.600.000 ,Haddy,Semarang
6/24/2024,Standard,15 cm,10,"1,200,000", 12.000.000 ,Rosyid,Bogor
8/11/2024,Standard,15 cm,1,"800,000","800,000",Ibnu,Bogor
7/19/2024,Standard,15 cm,1,"900,000","900,000",Haddy,Depok
8/28/2024,Standard,15 cm,2,"750,000", 1.500.000 ,Eka,Depok
6/13/2024,Standard,15 cm,1,"1,400,000", 1.400.000 ,Ibnu,Bekasi
6/9/2024,Standard,15 cm,1,"800,000","800,000",Latif,Jakarta
5/2/2024,Standard,15 cm,1,"1,400,000", 1.400.000 ,Ajo,Tangerang
6/22/2024,Standard,20 cm,10,"2,200,000", 22.000.000 ,Ajo,Jakarta
7/19/2024,Standard,15 cm,1,"1,300,000", 1.300.000 ,Haddy,Depok
8/7/2024,Standard,15 cm,1,"1,400,000", 1.400.000 ,Ajo,Jakarta
8/22/2024,Standard,15 cm,1,"750,000","750,000",Rosyid,Depok
7/3/2024,Standard,15 cm,1,"1,300,000","800,000",Latif,Bogor
6/9/2024,Standard,20 cm,6,"2,200,000","800,000",Rosyid,Depok
8/28/2024,Standard,15 cm,1,"1,400,000","850,000",Ajo,Depok
1/4/2024,Standard,12 cm,7,"1,200,000","900,000",Haddy,Bogor
1/5/2024,Standard,11 cm,3,"1,200,000","900,000",Latif,Palembang
1/16/2024,Standard,11 cm,5,"1,200,000","850,000",Haddy,Bogor
1/25/2024,Standard,15 cm,2,"1,400,000", 2.800.000 ,Latif,Tangerang
2/7/2024,Standard,13 cm,6,"1,200,000", 7.200.000 ,Ajo,Yogyakarta
3/3/2024,Standard,10 cm,3,"1,200,000", 3.600.000 ,Latif,Surabaya
3/7/2024,Standard,15 cm,1,"1,400,000", 1.400.000 ,Eka,Jakarta
3/10/2024,Standard,15 cm,5,"1,200,000", 6.000.000 ,Eka,Semarang
3/13/2024,Standard,15 cm,1,"1,400,000", 1.400.000 ,Eka,Jakarta
3/13/2024,Standard,20 cm,33,"2,200,000", 72.600.000 ,Haddy,Bogor
3/21/2024,Standard,11 cm,1,"800,000","800,000",Rosyid,Bogor
3/23/2024,Standard,14 cm,5,"1,200,000", 6.000.000 ,Ajo,Bogor
3/25/2024,Standard,12 cm,1,"800,000","800,000",Rosyid,Jakarta
3/27/2024,Standard,10 cm,3,"1,200,000", 3.600.000 ,Rosyid,Bogor
4/2/2024,Standard,15 cm,3,"1,400,000", 4.200.000 ,Ajo,Palembang
4/4/2024,Standard,15 cm,1,"1,400,000", 1.400.000 ,Rosyid,Bogor
4/10/2024,Standard,10 cm,5,"1,200,000", 6.000.000 ,Eka,Bandung
4/20/2024,Standard,12 cm,5,"1,200,000", 6.000.000 ,Haddy,Depok
4/23/2024,Standard,15 cm,1,"1,400,000", 1.400.000 ,Ajo,Bekasi
4/23/2024,Standard,15 cm,7,"1,400,000", 9.800.000 ,Haddy,Yogyakarta
4/23/2024,Standard,12 cm,1,"850,000","850,000",Ibnu,Jakarta
4/30/2024,Standard,11 cm,1,"900,000","900,000",Latif,Bekasi
6/9/2024,Standard,11 cm,5,"1,200,000", 6.000.000 ,Rosyid,Bogor
6/11/2024,Standard,13 cm,3,"1,200,000", 3.600.000 ,Latif,Tangerang
6/27/2024,Standard,13 cm,7,"1,200,000", 8.400.000 ,Haddy,Bogor
7/13/2024,Standard,13 cm,7,"1,200,000", 8.400.000 ,Haddy,Yogyakarta
7/22/2024,Standard,12 cm,4,"1,200,000", 4.800.000 ,Rosyid,Bekasi
7/29/2024,Standard,11 cm,3,"1,200,000", 3.600.000 ,Rosyid,Medan
8/20/2024,Standard,12 cm,1,"900,000","900,000",Latif,Tangerang
9/3/2024,Standard,15 cm,1,"1,400,000", 1.400.000 ,Eka,Tangerang
9/8/2024,Standard,11 cm,3,"1,200,000", 3.600.000 ,Haddy,Pontianak
9/26/2024,Standard,15 cm,1,"1,300,000", 1.300.000 ,Ibnu,Jakarta
9/26/2024,Standard,15 cm,1,"1,400,000", 1.400.000 ,Latif,Depok
9/28/2024,Standard,15 cm,1,"1,300,000", 1.300.000 ,Haddy,Tangerang
10/14/2024,Standard,15 cm,3,"1,200,000", 3.600.000 ,Haddy,Tangerang
10/16/2024,Standard,15 cm,2,"1,400,000", 2.800.000 ,Rosyid,Jakarta
10/18/2024,Standard,10 cm,1,"850,000","850,000",Rosyid,Tangerang
10/19/2024,Standard,12 cm,5,"1,200,000", 6.000.000 ,Eka,Semarang
10/19/2024,Standard,11 cm,3,"1,200,000", 3.600.000 ,Latif,Bekasi
10/20/2024,Standard,13 cm,3,"1,200,000", 3.600.000 ,Rosyid,Bandung
10/21/2024,Standard,11 cm,5,"1,200,000", 6.000.000 ,Haddy,Tangerang
11/2/2024,Standard,15 cm,2,"1,300,000", 2.600.000 ,Eka,Bekasi
11/4/2024,Standard,20 cm,31,"2,200,000", 68.200.000 ,Latif,Bandung
11/4/2024,Standard,15 cm,1,"1,400,000", 1.400.000 ,Ajo,Bekasi
11/6/2024,Standard,12 cm,1,"750,000","750,000",Haddy,Bogor
11/11/2024,Standard,15 cm,3,"1,200,000", 3.600.000 ,Ibnu,Tangerang
11/26/2024,Standard,12 cm,5,"1,200,000", 6.000.000 ,Ajo,Yogyakarta
12/1/2024,Standard,11 cm,3,"1,200,000", 3.600.000 ,Latif,Denpasar
12/2/2024,Standard,12 cm,4,"1,200,000", 4.800.000 ,Latif,Depok
12/4/2024,Standard,15 cm,1,"1,300,000", 1.300.000 ,Rosyid,Depok
12/8/2024,Standard,13 cm,4,"1,200,000", 4.800.000 ,Ibnu,Bekasi
12/9/2024,Standard,12 cm,3,"1,200,000", 3.600.000 ,Haddy,Depok
12/9/2024,Standard,12 cm,4,"1,200,000", 4.800.000 ,Eka,Yogyakarta
12/12/2024,Standard,13 cm,1,"800,000","800,000",Ibnu,Tangerang
12/16/2024,Standard,14 cm,4,"1,200,000", 4.800.000 ,Haddy,Bandung
12/23/2024,Standard,11 cm,1,"850,000","850,000",Latif,Tangerang
2/21/2024,Standard,15 cm,17,"1,200,000", 20.400.000 ,Haddy,Jakarta
5/18/2024,Standard,11 cm,19,"1,200,000", 22.800.000 ,Ibnu,Semarang
6/1/2024,Standard,13 cm,16,"1,200,000", 19.200.000 ,Latif,Bekasi
3/29/2024,Standard,15 cm,17,"1,200,000", 20.400.000 ,Ibnu,Tangerang
2/29/2024,Standard,15 cm,21,"1,200,000", 25.200.000 ,Ajo,Semarang
5/27/2024,Standard,10 cm,23,"1,200,000", 27.600.000 ,Rosyid,Yogyakarta
4/19/2024,Standard,15 cm,21,"1,200,000", 25.200.000 ,Eka,Yogyakarta
5/11/2024,Standard,12 cm,17,"1,200,000", 20.400.000 ,Ajo,Semarang
2/21/2024,Standard,13 cm,17,"1,200,000", 20.400.000 ,Rosyid,Yogyakarta
5/22/2024,Standard,14 cm,17,"1,200,000", 20.400.000 ,Rosyid,Tangerang
5/25/2024,Standard,13 cm,23,"1,200,000", 27.600.000 ,Rosyid,Depok
6/29/2024,Standard,10 cm,23,"1,200,000", 27.600.000 ,Rosyid,Depok
2/14/2024,Standard,15 cm,14,"1,200,000", 16.800.000 ,Eka,Jakarta
3/19/2024,Standard,15 cm,22,"1,200,000", 26.400.000 ,Rosyid,Bekasi
2/7/2024,Standard,14 cm,20,"1,200,000", 24.000.000 ,Latif,Semarang
2/2/2024,Standard,13 cm,22,"1,200,000", 26.400.000 ,Haddy,Jakarta
5/24/2024,Standard,10 cm,24,"1,200,000", 28.800.000 ,Eka,Yogyakarta
6/15/2024,Standard,14 cm,21,"1,200,000", 25.200.000 ,Rosyid,Yogyakarta
2/20/2024,Standard,11 cm,24,"1,200,000", 28.800.000 ,Ajo,Yogyakarta
2/3/2024,Standard,12 cm,19,"1,200,000", 22.800.000 ,Eka,Bogor
5/23/2024,Standard,13 cm,15,"1,200,000", 18.000.000 ,Ibnu,Semarang
6/7/2024,Standard,10 cm,21,"1,200,000", 25.200.000 ,Ajo,Yogyakarta
6/3/2024,Standard,12 cm,17,"1,200,000", 20.400.000 ,Haddy,Depok
2/5/2024,Standard,14 cm,22,"1,200,000", 26.400.000 ,Latif,Depok
4/21/2024,Standard,13 cm,17,"1,200,000", 20.400.000 ,Eka,Bogor
4/9/2024,Standard,13 cm,21,"1,200,000", 25.200.000 ,Latif,Bekasi
5/28/2024,Standard,10 cm,17,"1,200,000", 20.400.000 ,Rosyid,Semarang
5/1/2024,Standard,12 cm,21,"1,200,000", 25.200.000 ,Ajo,Yogyakarta
4/16/2024,Standard,11 cm,18,"1,200,000", 21.600.000 ,Ibnu,Bogor
6/28/2024,Standard,10 cm,17,"1,200,000", 20.400.000 ,Rosyid,Bekasi
5/23/2024,Standard,12 cm,25,"1,200,000", 30.000.000 ,Latif,Jakarta
3/2/2024,Standard,10 cm,24,"1,200,000", 28.800.000 ,Ibnu,Tangerang
2/18/2024,Standard,15 cm,16,"1,200,000", 19.200.000 ,Rosyid,Bogor
4/23/2024,Standard,15 cm,16,"1,200,000", 19.200.000 ,Ibnu,Bogor
3/19/2024,Standard,13 cm,17,"1,200,000", 20.400.000 ,Ajo,Bogor
4/27/2024,Standard,12 cm,19,"1,200,000", 22.800.000 ,Rosyid,Bekasi
5/23/2024,Standard,12 cm,19,"1,200,000", 22.800.000 ,Latif,Jakarta
3/11/2024,Standard,11 cm,23,"1,200,000", 27.600.000 ,Haddy,Bekasi
5/10/2024,Standard,13 cm,17,"1,200,000", 20.400.000 ,Latif,Bandung
6/18/2024,Standard,13 cm,17,"1,200,000", 20.400.000 ,Ajo,Semarang
6/3/2024,Standard,11 cm,21,"1,200,000", 25.200.000 ,Ajo,Jakarta
3/27/2024,Standard,14 cm,19,"1,200,000", 22.800.000 ,Haddy,Jakarta
4/20/2024,Standard,11 cm,24,"1,200,000", 28.800.000 ,Rosyid,Semarang
3/2/2024,Standard,12 cm,17,"1,200,000", 20.400.000 ,Latif,Bandung
6/15/2024,Standard,10 cm,23,"1,200,000", 27.600.000 ,Eka,Semarang
6/20/2024,Standard,12 cm,22,"1,200,000", 26.400.000 ,Ajo,Semarang
2/6/2024,Standard,14 cm,19,"1,200,000", 22.800.000 ,Ajo,Depok
4/15/2024,Standard,13 cm,17,"1,200,000", 20.400.000 ,Ibnu,Yogyakarta
7/16/2024,Standard,11 cm,3,"750,000", 2.250.000 ,Latif,Makassar
10/3/2024,Standard,11 cm,5,"800,000", 4.000.000 ,Eka,Semarang
12/30/2024,Standard,14 cm,3,"850,000", 2.550.000 ,Rosyid,Yogyakarta
9/23/2024,Standard,13 cm,6,"800,000", 4.800.000 ,Latif,Bekasi
12/17/2024,Standard,10 cm,1,"750,000","750,000",Latif,Bogor
10/23/2024,Standard,15 cm,2,"800,000", 1.600.000 ,Haddy,Tangerang
8/6/2024,Standard,12 cm,3,"750,000", 2.250.000 ,Eka,Semarang
8/4/2024,Standard,12 cm,5,"700,000", 3.500.000 ,Latif,Semarang
11/19/2024,Standard,10 cm,5,"850,000", 4.250.000 ,Ajo,Depok
10/27/2024,Standard,15 cm,6,"900,000", 5.400.000 ,Ibnu,Jakarta
8/2/2024,Standard,10 cm,2,"850,000", 1.700.000 ,Latif,Jakarta
7/19/2024,Standard,14 cm,2,"750,000", 1.500.000 ,Ajo,Tangerang
7/21/2024,Standard,10 cm,1,"850,000","850,000",Eka,Bogor
12/10/2024,Standard,13 cm,2,"750,000", 1.500.000 ,Ibnu,Depok
11/10/2024,Standard,12 cm,3,"900,000", 2.700.000 ,Haddy,Bogor
11/8/2024,Standard,14 cm,6,"750,000", 4.500.000 ,Ibnu,Bogor
12/10/2024,Standard,15 cm,5,"800,000", 4.000.000 ,Ajo,Semarang
9/25/2024,Standard,11 cm,3,"750,000", 2.250.000 ,Haddy,Surabaya
10/16/2024,Standard,13 cm,5,"900,000", 4.500.000 ,Ibnu,Yogyakarta
11/27/2024,Standard,10 cm,3,"700,000", 2.100.000 ,Latif,Depok
12/30/2024,Standard,12 cm,5,"700,000", 3.500.000 ,Rosyid,Bogor
8/13/2024,Standard,10 cm,4,"750,000", 3.000.000 ,Eka,Depok
7/29/2024,Standard,13 cm,3,"900,000", 2.700.000 ,Eka,Depok
9/1/2024,Standard,13 cm,5,"700,000", 3.500.000 ,Rosyid,Yogyakarta
11/11/2024,Standard,13 cm,1,"850,000","850,000",Rosyid,Bogor
11/14/2024,Standard,10 cm,2,"900,000", 1.800.000 ,Ajo,Tangerang
11/3/2024,Standard,11 cm,6,"750,000", 4.500.000 ,Ibnu,Semarang
12/27/2024,Standard,15 cm,3,"900,000", 2.700.000 ,Ibnu,Medan
11/25/2024,Standard,14 cm,1,"700,000","700,000",Ibnu,Jakarta
9/18/2024,Standard,14 cm,3,"800,000", 2.400.000 ,Ibnu,Depok
7/12/2024,Standard,10 cm,1,"850,000","850,000",Rosyid,Tangerang
8/14/2024,Standard,14 cm,6,"700,000", 4.200.000 ,Ibnu,Bogor
8/15/2024,Standard,12 cm,4,"850,000", 3.400.000 ,Haddy,Bandung
12/24/2024,Standard,11 cm,6,"900,000", 5.400.000 ,Ajo,Yogyakarta
7/11/2024,Standard,10 cm,6,"750,000", 4.500.000 ,Ajo,Bogor
9/30/2024,Standard,11 cm,4,"800,000", 3.200.000 ,Rosyid,Tangerang
11/28/2024,Standard,11 cm,3,"800,000", 2.400.000 ,Ibnu,Depok
11/18/2024,Standard,11 cm,2,"850,000", 1.700.000 ,Eka,Bekasi
7/22/2024,Standard,10 cm,5,"900,000", 4.500.000 ,Haddy,Depok
8/4/2024,Standard,13 cm,6,"850,000", 5.100.000 ,Eka,Yogyakarta
8/9/2024,Standard,10 cm,2,"750,000", 1.500.000 ,Haddy,Depok
8/5/2024,Standard,14 cm,5,"900,000", 4.500.000 ,Haddy,Bandung
12/31/2024,Standard,10 cm,1,"750,000","750,000",Latif,Bogor
12/3/2024,Standard,12 cm,5,"800,000", 4.000.000 ,Ajo,Yogyakarta
9/27/2024,Standard,11 cm,5,"700,000", 3.500.000 ,Latif,Yogyakarta
12/17/2024,Standard,14 cm,5,"850,000", 4.250.000 ,Eka,Tangerang
10/31/2024,Standard,10 cm,2,"750,000", 1.500.000 ,Rosyid,Tangerang
9/20/2024,Standard,21 cm,3,"2,200,000", 6.600.000 ,Latif,Semarang
7/6/2023,Standard,14 cm,3,"1,200,000", 3.600.000 ,Eka,Palembang
6/18/2023,Semi King,33 cm,2,"18,200,000", 36.400.000 ,Rosyid,Jakarta
2/15/2024,Standard,25 cm,2,"2,200,000", 4.400.000 ,Haddy,Tangerang
7/7/2024,Semi King,32 cm,3,"13,600,000", 40.800.000 ,Latif,Bandung
1/7/2023,Standard,31 cm,3,"12,000,000", 36.000.000 ,Latif,Semarang
1/12/2023,Semi King,33 cm,4,"7,000,000", 28.000.000 ,Latif,Yogyakarta
8/4/2023,Standard,25 cm,1,"2,200,000", 2.200.000 ,Eka,Depok
4/24/2025,King,20 cm,3,"12,000,000", 36.000.000 ,Ajo,Tangerang
4/11/2024,Semi King,39 cm,3,"16,000,000", 48.000.000 ,Ibnu,Denpasar
6/13/2023,Standard,33 cm,3,"4,000,000", 12.000.000 ,Haddy,Medan
12/11/2024,Standard,25 cm,2,"2,200,000", 4.400.000 ,Ibnu,Bekasi
7/30/2025,Standard,20 cm,19,"2,200,000", 41.800.000 ,Ibnu,Bogor
4/12/2024,Standard,20 cm,1,"2,200,000", 2.200.000 ,Latif,Bekasi
11/1/2025,Standard,51 cm,3,"8,500,000", 25.500.000 ,Ibnu,Semarang
3/2/2025,Dayung Setan,32 cm,3,"8,500,000", 25.500.000 ,Ajo,Palembang
9/9/2023,Standard,25 cm,1,"2,200,000", 2.200.000 ,Haddy,Bogor
2/1/2025,Semi King,30 cm,2,"12,800,000", 25.600.000 ,Ibnu,Tangerang
7/30/2024,Standard,25 cm,3,"2,200,000", 6.600.000 ,Rosyid,Bekasi
2/7/2025,Mata Panda,30 cm,3,"12,000,000", 36.000.000 ,Latif,Jakarta
7/19/2023,Standard,60 cm,2,"8,500,000", 17.000.000 ,Rosyid,Bogor
11/18/2024,Standard,45 cm,28,"7,000,000", 196.000.000 ,Eka,Bekasi
7/8/2025,Standard,41 cm,4,"10,000,000", 40.000.000 ,Rosyid,Depok
9/7/2025,Standard,11 cm,1,"850,000","850,000",Latif,Depok
1/16/2025,Mata Panda,35 cm,3,"7,000,000", 21.000.000 ,Rosyid,Medan
4/25/2024,Dayung Setan,37 cm,3,"10,000,000", 30.000.000 ,Haddy,Jakarta
2/12/2024,Standard,35 cm,1,"4,000,000", 4.000.000 ,Ajo,Jakarta
6/27/2023,Mata Panda,25 cm,3,"9,500,000", 28.500.000 ,Latif,Jakarta
10/6/2023,King,29 cm,2,"7,000,000", 14.000.000 ,Rosyid,Tangerang
6/2/2023,King,56 cm,1,"16,000,000", 16.000.000 ,Eka,Jakarta
3/11/2025,Standard,28 cm,3,"8,500,000", 25.500.000 ,Rosyid,Surabaya
5/25/2023,Standard,25 cm,1,"2,200,000", 2.200.000 ,Ibnu,Bekasi
5/10/2023,Standard,20 cm,30,"2,200,000", 66.000.000 ,Latif,Semarang
7/5/2023,Standard,10 cm,5,"1,200,000", 6.000.000 ,Ibnu,Bogor
9/16/2024,Standard,12 cm,6,"1,200,000", 7.200.000 ,Latif,Semarang
1/24/2024,Standard,14 cm,1,"750,000","750,000",Rosyid,Jakarta
7/9/2024,Dayung Setan,60 cm,1,"13,700,000", 13.700.000 ,Ibnu,Bogor
6/23/2023,Dayung Setan,40 cm,3,"16,000,000", 48.000.000 ,Ibnu,Bogor
9/8/2023,Standard,12 cm,3,"1,200,000", 3.600.000 ,Haddy,Bekasi
5/31/2024,Semi King,20 cm,3,"13,400,000", 40.200.000 ,Ibnu,Yogyakarta
6/4/2023,Semi King,35 cm,2,"19,300,000", 38.600.000 ,Ajo,Jakarta
6/15/2023,Standard,30 cm,30,"2,200,000", 66.000.000 ,Latif,Bandung
1/19/2023,Standard,15 cm,3,"1,300,000", 3.900.000 ,Latif,Bekasi
1/3/2024,Standard,21 cm,3,"2,200,000", 6.600.000 ,Haddy,Yogyakarta
6/29/2025,Dayung Setan,41 cm,4,"10,000,000", 40.000.000 ,Ajo,Bekasi
4/5/2024,Mata Panda,34 cm,4,"9,500,000", 38.000.000 ,Rosyid,Bandung
1/5/2024,Standard,14 cm,4,"1,200,000", 4.800.000 ,Ajo,Bogor
2/21/2023,Dayung Setan,26 cm,3,"12,000,000", 36.000.000 ,Latif,Depok
4/19/2025,Dayung Setan,25 cm,1,"7,000,000", 7.000.000 ,Rosyid,Jakarta
12/20/2023,Standard,25 cm,2,"2,200,000", 4.400.000 ,Eka,Bekasi
10/3/2024,Standard,15 cm,1,"1,300,000", 1.300.000 ,Ajo,Tangerang
7/20/2025,Standard,12 cm,4,"1,200,000", 4.800.000 ,Rosyid,Bandung
11/26/2023,King,24 cm,1,"10,000,000", 10.000.000 ,Haddy,Bogor
2/10/2024,Standard,60 cm,6,"7,000,000", 42.000.000 ,Ajo,Tangerang
4/15/2024,King,23 cm,2,"16,000,000", 32.000.000 ,Rosyid,Bekasi
3/20/2023,Standard,10 cm,4,"1,200,000", 4.800.000 ,Rosyid,Bekasi
12/3/2023,King,32 cm,3,"8,500,000", 25.500.000 ,Eka,Denpasar
5/3/2023,Standard,22 cm,3,"2,200,000", 6.600.000 ,Haddy,Bekasi
11/28/2023,Standard,36 cm,1,"7,000,000", 7.000.000 ,Eka,Tangerang
9/25/2024,Mata Panda,28 cm,3,"14,000,000", 42.000.000 ,Ajo,Yogyakarta
2/13/2025,Standard,14 cm,6,"1,200,000", 7.200.000 ,Ajo,Tangerang
7/26/2024,Standard,21 cm,3,"2,200,000", 6.600.000 ,Latif,Depok
5/23/2025,Standard,12 cm,5,"1,200,000", 6.000.000 ,Rosyid,Tangerang
1/25/2024,Semi King,25 cm,4,"8,500,000", 34.000.000 ,Rosyid,Tangerang
1/22/2023,Dayung Setan,28 cm,1,"8,500,000", 8.500.000 ,Eka,Bekasi
9/10/2024,Standard,41 cm,3,"4,300,000", 12.900.000 ,Haddy,Yogyakarta
10/4/2024,Standard,25 cm,2,"2,200,000", 4.400.000 ,Haddy,Depok
10/5/2025,Standard,15 cm,1,"1,400,000", 1.400.000 ,Latif,Tangerang
4/22/2023,Standard,15 cm,2,"1,400,000", 2.800.000 ,Eka,Bogor
2/14/2025,Standard,24 cm,4,"2,200,000", 8.800.000 ,Latif,Jakarta
3/29/2024,Standard,10 cm,1,"800,000","800,000",Ibnu,Bogor
11/7/2023,Standard,25 cm,2,"2,200,000", 4.400.000 ,Haddy,Bekasi
4/16/2024,Standard,10 cm,6,"1,200,000", 7.200.000 ,Haddy,Bandung
3/25/2024,Mata Panda,22 cm,3,"8,500,000", 25.500.000 ,Latif,Yogyakarta
12/17/2025,King,23 cm,2,"7,000,000", 14.000.000 ,Latif,Tangerang
1/25/2023,Standard,21 cm,3,"2,200,000", 6.600.000 ,Haddy,Pontianak
4/20/2025,Standard,52 cm,3,"7,000,000", 21.000.000 ,Eka,Yogyakarta
3/15/2023,Standard,15 cm,1,"1,400,000", 1.400.000 ,Latif,Bekasi
11/26/2023,Standard,35 cm,20,"7,000,000", 140.000.000 ,Ajo,Jakarta
11/15/2025,Standard,22 cm,3,"2,200,000", 6.600.000 ,Eka,Bandung
1/21/2025,Standard,11 cm,3,"1,200,000", 3.600.000 ,Latif,Makassar
9/6/2024,Dayung Setan,25 cm,2,"7,000,000", 14.000.000 ,Rosyid,Depok
10/12/2024,Semi King,27 cm,3,"12,200,000", 36.600.000 ,Latif,Palembang
10/30/2024,Standard,12 cm,1,"750,000","750,000",Eka,Bekasi
9/6/2025,Standard,15 cm,1,"1,400,000", 1.400.000 ,Latif,Tangerang
10/14/2023,Semi King,31 cm,3,"8,500,000", 25.500.000 ,Rosyid,Surabaya
2/13/2025,Standard,15 cm,3,"1,300,000", 3.900.000 ,Ibnu,Bogor
1/2/2024,Semi King,26 cm,2,"12,000,000", 24.000.000 ,Latif,Bekasi
9/21/2024,Standard,10 cm,1,"850,000","850,000",Latif,Bogor
9/29/2023,Mata Panda,28 cm,2,"14,000,000", 28.000.000 ,Ajo,Tangerang
3/11/2023,Standard,14 cm,5,"1,200,000", 6.000.000 ,Ajo,Semarang
12/27/2023,Standard,14 cm,1,"700,000","700,000",Haddy,Bogor
2/3/2023,Standard,14 cm,3,"1,200,000", 3.600.000 ,Ajo,Denpasar
5/10/2023,Standard,25 cm,2,"2,200,000", 4.400.000 ,Ajo,Tangerang
6/29/2024,Dayung Setan,52 cm,2,"12,000,000", 24.000.000 ,Eka,Bekasi
4/18/2024,Dayung Setan,20 cm,3,"5,000,000", 15.000.000 ,Haddy,Depok
2/10/2025,Standard,22 cm,3,"2,200,000", 6.600.000 ,Ibnu,Bandung
5/13/2025,Standard,56 cm,2,"7,000,000", 14.000.000 ,Haddy,Depok
2/29/2024,Dayung Setan,55 cm,4,"16,000,000", 64.000.000 ,Ibnu,Bandung
2/17/2025,Standard,15 cm,1,"1,400,000", 1.400.000 ,Haddy,Bogor
10/13/2024,Standard,15 cm,1,"1,400,000", 1.400.000 ,Ibnu,Depok
12/25/2025,King,40 cm,1,"8,500,000", 8.500.000 ,Eka,Depok
6/9/2024,Standard,60 cm,1,"10,000,000", 10.000.000 ,Haddy,Jakarta
8/5/2025,Standard,35 cm,13,"7,000,000", 91.000.000 ,Ibnu,Bekasi
9/2/2024,Standard,30 cm,7,"2,200,000", 15.400.000 ,Ajo,Bogor
12/9/2023,Standard,20 cm,14,"2,200,000", 30.800.000 ,Latif,Bogor
3/27/2024,Standard,14 cm,5,"1,200,000", 6.000.000 ,Haddy,Bogor
8/29/2023,Semi King,34 cm,1,"17,300,000", 17.300.000 ,Rosyid,Tangerang
9/24/2024,Semi King,51 cm,3,"10,000,000", 30.000.000 ,Haddy,Bandung
6/25/2023,Standard,25 cm,2,"2,200,000", 4.400.000 ,Ibnu,Jakarta
8/23/2025,Standard,13 cm,4,"1,200,000", 4.800.000 ,Ibnu,Tangerang
6/19/2023,Dayung Setan,35 cm,3,"8,500,000", 25.500.000 ,Ibnu,Depok
11/7/2023,Standard,41 cm,3,"12,000,000", 36.000.000 ,Ibnu,Tangerang
1/25/2023,Standard,20 cm,14,"2,200,000", 30.800.000 ,Rosyid,Semarang
3/28/2024,Standard,25 cm,2,"2,200,000", 4.400.000 ,Ajo,Depok
12/13/2023,Standard,14 cm,1,"700,000","700,000",Haddy,Bekasi
7/28/2025,Standard,13 cm,7,"1,200,000", 8.400.000 ,Eka,Jakarta
7/13/2023,Standard,40 cm,30,"7,000,000", 210.000.000 ,Haddy,Bogor
1/12/2024,Mata Panda,39 cm,2,"12,000,000", 24.000.000 ,Ibnu,Tangerang
11/27/2024,Standard,12 cm,3,"1,200,000", 3.600.000 ,Haddy,Semarang
7/22/2025,Standard,14 cm,3,"1,200,000", 3.600.000 ,Haddy,Makassar
1/22/2023,Standard,25 cm,3,"2,200,000", 6.600.000 ,Rosyid,Jakarta
11/10/2023,Standard,55 cm,6,"7,000,000", 42.000.000 ,Haddy,Bekasi
4/3/2023,Standard,26 cm,1,"12,000,000", 12.000.000 ,Eka,Bekasi
5/5/2024,King,23 cm,1,"16,000,000", 16.000.000 ,Latif,Bekasi
4/29/2025,Standard,22 cm,3,"2,200,000", 6.600.000 ,Ibnu,Pontianak
1/23/2023,Standard,25 cm,9,"2,200,000", 19.800.000 ,Latif,Semarang
10/4/2023,Standard,25 cm,7,"2,200,000", 15.400.000 ,Haddy,Jakarta
6/17/2023,Standard,55 cm,2,"7,000,000", 14.000.000 ,Haddy,Jakarta
7/21/2024,Standard,12 cm,5,"1,200,000", 6.000.000 ,Haddy,Semarang
5/10/2023,King,39 cm,2,"8,500,000", 17.000.000 ,Eka,Depok
9/25/2023,Standard,15 cm,2,"1,400,000", 2.800.000 ,Latif,Jakarta
4/25/2023,Semi King,29 cm,2,"10,000,000", 20.000.000 ,Rosyid,Tangerang
7/19/2023,King,36 cm,1,"14,000,000", 14.000.000 ,Haddy,Bekasi
9/13/2025,Semi King,36 cm,1,"9,500,000", 9.500.000 ,Eka,Bekasi
1/24/2024,Semi King,33 cm,1,"17,400,000", 17.400.000 ,Rosyid,Bekasi
1/31/2025,Standard,13 cm,6,"1,200,000", 7.200.000 ,Haddy,Tangerang
4/8/2023,Standard,15 cm,3,"1,300,000", 3.900.000 ,Ajo,Jakarta
6/21/2024,Standard,30 cm,29,"2,200,000", 63.800.000 ,Rosyid,Jakarta
9/27/2025,King,24 cm,2,"10,000,000", 20.000.000 ,Haddy,Bekasi
12/29/2025,Standard,22 cm,3,"2,200,000", 6.600.000 ,Eka,Surabaya
8/11/2025,Standard,15 cm,1,"1,400,000", 1.400.000 ,Haddy,Depok
3/18/2023,Semi King,20 cm,3,"11,500,000", 34.500.000 ,Rosyid,Bogor
4/7/2023,King,25 cm,3,"8,500,000", 25.500.000 ,Haddy,Jakarta
2/1/2025,Dayung Setan,51 cm,3,"14,000,000", 42.000.000 ,Ibnu,Surabaya
5/26/2025,Semi King,27 cm,4,"14,000,000", 56.000.000 ,Eka,Tangerang
8/27/2023,Standard,11 cm,1,"850,000","850,000",Rosyid,Bekasi
8/16/2023,Mata Panda,31 cm,1,"18,900,000", 18.900.000 ,Rosyid,Jakarta
1/15/2023,Mata Panda,52 cm,4,"14,000,000", 56.000.000 ,Haddy,Depok
8/30/2024,Standard,12 cm,7,"1,200,000", 8.400.000 ,Ajo,Semarang
7/28/2023,Standard,30 cm,18,"2,200,000", 39.600.000 ,Eka,Jakarta
5/8/2025,King,29 cm,3,"8,500,000", 25.500.000 ,Haddy,Bogor
7/1/2023,Standard,51 cm,2,"14,000,000", 28.000.000 ,Ajo,Depok
1/26/2024,Standard,15 cm,1,"1,300,000", 1.300.000 ,Latif,Bekasi
6/4/2025,Dayung Setan,30 cm,3,"8,500,000", 25.500.000 ,Rosyid,Makassar
3/14/2024,Semi King,35 cm,3,"9,500,000", 28.500.000 ,Ajo,Jakarta
3/8/2024,Standard,15 cm,1,"1,400,000", 1.400.000 ,Latif,Tangerang
9/28/2024,Mata Panda,27 cm,3,"7,000,000", 21.000.000 ,Haddy,Tangerang
1/15/2025,King,21 cm,3,"14,000,000", 42.000.000 ,Haddy,Bogor
1/4/2025,Standard,55 cm,6,"7,000,000", 42.000.000 ,Latif,Tangerang
7/28/2023,Standard,13 cm,4,"1,200,000", 4.800.000 ,Ibnu,Tangerang
7/23/2023,Standard,11 cm,1,"850,000","850,000",Ajo,Jakarta
3/18/2024,Standard,55 cm,7,"7,000,000", 49.000.000 ,Rosyid,Jakarta
9/18/2023,Semi King,25 cm,4,"16,000,000", 64.000.000 ,Latif,Semarang
10/30/2023,Standard,29 cm,1,"3,500,000", 3.500.000 ,Latif,Depok
10/22/2025,Dayung Setan,24 cm,1,"5,000,000", 5.000.000 ,Haddy,Tangerang
10/8/2025,Standard,28 cm,2,"4,200,000", 8.400.000 ,Haddy,Jakarta
11/3/2025,Standard,55 cm,5,"7,000,000", 35.000.000 ,Ajo,Bekasi
10/6/2024,King,22 cm,2,"8,500,000", 17.000.000 ,Rosyid,Bekasi
4/16/2023,Standard,11 cm,5,"1,200,000", 6.000.000 ,Ajo,Depok
10/14/2024,Standard,55 cm,9,"7,000,000", 63.000.000 ,Ibnu,Bekasi
10/9/2025,Standard,56 cm,2,"6,000,000", 12.000.000 ,Rosyid,Tangerang
10/15/2023,Standard,15 cm,1,"1,300,000", 1.300.000 ,Ajo,Bekasi
9/17/2023,Standard,30 cm,3,"8,000,000", 24.000.000 ,Haddy,Tangerang
1/28/2024,Standard,14 cm,5,"1,200,000", 6.000.000 ,Eka,Jakarta
9/9/2023,Dayung Setan,22 cm,4,"10,000,000", 40.000.000 ,Ibnu,Jakarta
7/3/2025,Standard,14 cm,4,"1,200,000", 4.800.000 ,Ajo,Bekasi
5/9/2025,Dayung Setan,23 cm,1,"10,000,000", 10.000.000 ,Ajo,Depok
7/3/2024,Standard,14 cm,1,"900,000","900,000",Haddy,Bekasi
11/15/2023,Semi King,30 cm,3,"14,000,000", 42.000.000 ,Ajo,Palembang
4/27/2023,Standard,55 cm,9,"7,000,000", 63.000.000 ,Haddy,Semarang
5/1/2024,Standard,25 cm,2,"2,200,000", 4.400.000 ,Ibnu,Bogor
5/1/2025,King,26 cm,1,"14,100,000", 14.100.000 ,Rosyid,Depok
4/16/2023,Dayung Setan,26 cm,1,"8,500,000", 8.500.000 ,Haddy,Jakarta
7/24/2024,Standard,31 cm,3,"9,500,000", 28.500.000 ,Latif,Denpasar
12/13/2023,Mata Panda,39 cm,4,"16,000,000", 64.000.000 ,Rosyid,Jakarta
11/29/2023,Semi King,20 cm,2,"10,000,000", 20.000.000 ,Haddy,Jakarta
10/12/2024,Standard,25 cm,2,"2,200,000", 4.400.000 ,Latif,Jakarta
11/13/2025,Semi King,20 cm,1,"8,500,000", 8.500.000 ,Ibnu,Depok
12/4/2023,Dayung Setan,40 cm,1,"12,000,000", 12.000.000 ,Ajo,Bogor
9/8/2024,Mata Panda,33 cm,1,"30,000,000", 30.000.000 ,Rosyid,Bekasi
5/22/2023,King,23 cm,2,"8,500,000", 17.000.000 ,Latif,Jakarta
4/17/2023,Standard,55 cm,9,"7,000,000", 63.000.000 ,Ajo,Bogor
9/28/2023,Standard,25 cm,1,"2,200,000", 2.200.000 ,Haddy,Depok
7/19/2025,Standard,15 cm,1,"1,400,000", 1.400.000 ,Rosyid,Bogor
11/2/2025,Standard,14 cm,1,"700,000","700,000",Ibnu,Jakarta
10/13/2024,Semi King,24 cm,3,"19,700,000", 59.100.000 ,Haddy,Pontianak
8/28/2025,Standard,11 cm,3,"1,200,000", 3.600.000 ,Ibnu,Pontianak
9/18/2024,Standard,35 cm,3,"12,000,000", 36.000.000 ,Eka,Palembang
7/4/2024,Standard,25 cm,2,"2,200,000", 4.400.000 ,Eka,Bekasi
6/9/2025,Standard,50 cm,14,"7,000,000", 98.000.000 ,Latif,Depok
7/13/2023,Standard,25 cm,7,"2,200,000", 15.400.000 ,Ibnu,Bekasi
12/19/2025,Standard,15 cm,1,"10,000,000", 10.000.000 ,Eka,Tangerang
4/21/2025,Standard,35 cm,3,"10,000,000", 30.000.000 ,Ajo,Bekasi
10/11/2024,Standard,25 cm,2,"2,200,000", 4.400.000 ,Ibnu,Jakarta
4/23/2023,Standard,10 cm,6,"1,200,000", 7.200.000 ,Haddy,Bandung
8/1/2025,Dayung Setan,23 cm,2,"9,500,000", 19.000.000 ,Latif,Jakarta
9/24/2023,Dayung Setan,28 cm,2,"8,500,000", 17.000.000 ,Eka,Bekasi
1/10/2024,King,21 cm,1,"19,600,000", 19.600.000 ,Rosyid,Jakarta
11/23/2024,Standard,10 cm,7,"1,200,000", 8.400.000 ,Latif,Bandung
1/2/2025,Standard,15 cm,1,"700,000","700,000",Ibnu,Tangerang
3/20/2023,Semi King,24 cm,1,"12,000,000", 12.000.000 ,Ajo,Bekasi
9/10/2023,King,22 cm,1,"19,800,000", 19.800.000 ,Latif,Jakarta
5/29/2023,Mata Panda,29 cm,3,"10,000,000", 30.000.000 ,Rosyid,Depok
11/16/2025,Mata Panda,51 cm,4,"7,000,000", 28.000.000 ,Latif,Depok
4/24/2023,Standard,25 cm,2,"2,200,000", 4.400.000 ,Ajo,Depok
1/29/2024,Standard,25 cm,2,"2,200,000", 4.400.000 ,Eka,Jakarta
12/4/2025,Standard,15 cm,1,"1,400,000", 1.400.000 ,Rosyid,Bogor
10/13/2025,Mata Panda,32 cm,1,"14,000,000", 14.000.000 ,Ibnu,Jakarta
5/19/2025,Standard,15 cm,3,"1,200,000", 3.600.000 ,Ibnu,Bekasi
12/5/2025,Semi King,20 cm,1,"19,900,000", 19.900.000 ,Eka,Bekasi
11/20/2024,King,52 cm,1,"7,000,000", 7.000.000 ,Latif,Bekasi
2/13/2024,Standard,12 cm,7,"1,200,000", 8.400.000 ,Rosyid,Yogyakarta
11/3/2025,Mata Panda,34 cm,1,"9,500,000", 9.500.000 ,Haddy,Bekasi
8/18/2023,Dayung Setan,24 cm,3,"5,000,000", 15.000.000 ,Eka,Palembang
7/27/2023,King,38 cm,4,"16,000,000", 64.000.000 ,Latif,Jakarta
5/28/2024,Standard,28 cm,2,"9,500,000", 19.000.000 ,Ibnu,Jakarta
9/14/2024,King,24 cm,3,"10,000,000", 30.000.000 ,Rosyid,Denpasar
1/14/2025,Standard,25 cm,2,"2,200,000", 4.400.000 ,Rosyid,Depok
12/20/2024,Standard,25 cm,3,"2,200,000", 6.600.000 ,Ajo,Makassar
2/3/2023,Standard,25 cm,2,"2,200,000", 4.400.000 ,Rosyid,Tangerang
9/30/2023,Standard,55 cm,21,"7,000,000", 147.000.000 ,Haddy,Bandung
9/9/2024,Standard,38 cm,4,"10,000,000", 40.000.000 ,Haddy,Bandung
12/26/2023,Mata Panda,15 cm,2,"10,000,000", 20.000.000 ,Eka,Tangerang
3/5/2025,Dayung Setan,20 cm,3,"12,000,000", 36.000.000 ,Ibnu,Surabaya
10/19/2024,Standard,15 cm,1,"1,400,000", 1.400.000 ,Eka,Tangerang
9/20/2025,Standard,22 cm,3,"2,200,000", 6.600.000 ,Haddy,Bogor
10/3/2023,Standard,40 cm,32,"7,000,000", 224.000.000 ,Rosyid,Yogyakarta
2/28/2024,Standard,25 cm,1,"2,200,000", 2.200.000 ,Eka,Depok
5/18/2023,Mata Panda,51 cm,1,"14,000,000", 14.000.000 ,Haddy,Bogor
9/11/2025,Mata Panda,29 cm,4,"16,000,000", 64.000.000 ,Latif,Semarang
8/2/2025,King,37 cm,4,"12,000,000", 48.000.000 ,Rosyid,Bogor
3/24/2023,Standard,25 cm,3,"2,200,000", 6.600.000 ,Ajo,Medan
11/11/2023,King,33 cm,4,"12,000,000", 48.000.000 ,Latif,Semarang
12/2/2025,Standard,15 cm,1,"1,400,000", 1.400.000 ,Ajo,Jakarta
3/25/2025,Standard,20 cm,30,"2,200,000", 66.000.000 ,Haddy,Bogor
2/2/2025,Mata Panda,39 cm,3,"7,000,000", 21.000.000 ,Latif,Medan
6/29/2024,Standard,52 cm,3,"6,000,000", 18.000.000 ,Ibnu,Surabaya
6/5/2025,Semi King,32 cm,3,"10,800,000", 32.400.000 ,Latif,Medan
1/6/2025,Semi King,32 cm,2,"18,400,000", 36.800.000 ,Latif,Depok
2/1/2023,Standard,11 cm,6,"1,200,000", 7.200.000 ,Latif,Bogor
12/30/2024,Semi King,50 cm,3,"9,500,000", 28.500.000 ,Latif,Surabaya
8/19/2025,Mata Panda,56 cm,2,"8,500,000", 17.000.000 ,Eka,Bogor
1/31/2024,Mata Panda,31 cm,1,"9,500,000", 9.500.000 ,Eka,Bogor
8/3/2023,Standard,15 cm,5,"1,200,000", 6.000.000 ,Ibnu,Bekasi
7/3/2024,Standard,10 cm,3,"1,200,000", 3.600.000 ,Haddy,Semarang
10/5/2023,Standard,45 cm,9,"7,000,000", 63.000.000 ,Ibnu,Jakarta
8/9/2023,Standard,15 cm,1,"850,000","850,000",Haddy,Bekasi
12/9/2023,Standard,22 cm,3,"2,200,000", 6.600.000 ,Ajo,Jakarta
7/25/2024,Dayung Setan,60 cm,1,"9,500,000", 9.500.000 ,Latif,Bogor
9/4/2025,Standard,38 cm,3,"16,000,000", 48.000.000 ,Haddy,Surabaya
1/24/2025,Standard,25 cm,2,"2,200,000", 4.400.000 ,Rosyid,Bekasi
12/7/2024,Semi King,20 cm,2,"17,200,000", 34.400.000 ,Eka,Jakarta
9/16/2023,Standard,25 cm,2,"2,200,000", 4.400.000 ,Eka,Jakarta
11/3/2023,Standard,15 cm,1,"1,300,000", 1.300.000 ,Latif,Jakarta
11/29/2023,Standard,40 cm,19,"7,000,000", 133.000.000 ,Haddy,Jakarta
8/29/2025,Standard,27 cm,2,"6,300,000", 12.600.000 ,Latif,Bogor
10/23/2023,Mata Panda,21 cm,3,"14,000,000", 42.000.000 ,Eka,Bekasi
12/29/2024,Standard,25 cm,1,"2,200,000", 2.200.000 ,Eka,Tangerang
8/10/2024,Standard,21 cm,3,"2,200,000", 6.600.000 ,Haddy,Bogor
11/30/2024,Standard,15 cm,3,"1,400,000", 4.200.000 ,Ajo,Palembang
2/18/2023,King,36 cm,1,"7,000,000", 7.000.000 ,Eka,Depok
7/31/2023,Standard,25 cm,1,"2,200,000", 2.200.000 ,Haddy,Bogor
6/28/2023,Mata Panda,22 cm,1,"11,000,000", 11.000.000 ,Eka,Jakarta
3/25/2024,Standard,15 cm,1,"1,400,000", 1.400.000 ,Ibnu,Jakarta
10/9/2024,Standard,30 cm,18,"2,200,000", 39.600.000 ,Haddy,Semarang
9/8/2023,Standard,60 cm,6,"7,000,000", 42.000.000 ,Latif,Bandung
8/15/2025,Semi King,38 cm,4,"10,000,000", 40.000.000 ,Latif,Depok
10/23/2024,Mata Panda,36 cm,4,"9,500,000", 38.000.000 ,Eka,Bekasi
11/19/2024,King,21 cm,1,"8,500,000", 8.500.000 ,Rosyid,Jakarta
9/27/2024,Standard,14 cm,6,"1,200,000", 7.200.000 ,Ibnu,Tangerang
7/21/2024,Standard,21 cm,3,"2,200,000", 6.600.000 ,Eka,Tangerang
8/18/2025,Standard,11 cm,7,"1,200,000", 8.400.000 ,Latif,Bogor
5/7/2023,Standard,25 cm,3,"2,200,000", 6.600.000 ,Latif,Pontianak
12/30/2024,Standard,34 cm,4,"12,000,000", 48.000.000 ,Eka,Jakarta
11/3/2024,Standard,25 cm,35,"2,200,000", 77.000.000 ,Ibnu,Semarang
10/17/2025,Standard,52 cm,1,"9,500,000", 9.500.000 ,Haddy,Bekasi
5/21/2025,Standard,15 cm,1,"1,400,000", 1.400.000 ,Ibnu,Tangerang
10/1/2025,Standard,21 cm,3,"2,200,000", 6.600.000 ,Rosyid,Denpasar
7/22/2025,Mata Panda,41 cm,3,"8,500,000", 25.500.000 ,Latif,Jakarta
2/24/2025,King,32 cm,3,"7,000,000", 21.000.000 ,Haddy,Denpasar
1/2/2023,Mata Panda,24 cm,3,"10,000,000", 30.000.000 ,Eka,Depok
1/8/2025,Standard,25 cm,7,"2,200,000", 15.400.000 ,Ibnu,Tangerang
10/8/2025,Standard,55 cm,6,"7,000,000", 42.000.000 ,Rosyid,Bekasi
10/5/2023,Standard,60 cm,6,"7,000,000", 42.000.000 ,Eka,Bandung
5/29/2023,Standard,15 cm,1,"1,400,000", 1.400.000 ,Haddy,Bogor
7/15/2024,Standard,10 cm,7,"1,200,000", 8.400.000 ,Latif,Semarang
9/26/2025,Standard,10 cm,1,"900,000","900,000",Ibnu,Bekasi
10/13/2025,Mata Panda,21 cm,2,"14,000,000", 28.000.000 ,Haddy,Tangerang
2/22/2023,Standard,25 cm,2,"2,200,000", 4.400.000 ,Latif,Bogor
5/21/2023,Standard,25 cm,3,"2,200,000", 6.600.000 ,Haddy,Bogor
11/8/2024,Semi King,30 cm,3,"10,000,000", 30.000.000 ,Latif,Palembang
5/4/2023,King,15 cm,2,"12,000,000", 24.000.000 ,Haddy,Jakarta
3/29/2024,Dayung Setan,40 cm\,3,"16,000,000", 48.000.000 ,Rosyid,Bandung
4/12/2025,Semi King,31 cm,2,"14,000,000", 28.000.000 ,Rosyid,Tangerang
7/11/2025,Standard,25 cm,2,"2,200,000", 4.400.000 ,Latif,Bogor
4/23/2025,Standard,21 cm,3,"2,200,000", 6.600.000 ,Ibnu,Pontianak
1/26/2024,Standard,25 cm,2,"2,200,000", 4.400.000 ,Ajo,Tangerang
7/26/2024,King,25 cm,2,"8,500,000", 17.000.000 ,Ibnu,Depok
11/12/2023,Dayung Setan,20 cm,2,"14,000,000", 28.000.000 ,Ibnu,Bekasi
5/1/2023,Semi King,23 cm,3,"7,000,000", 21.000.000 ,Haddy,Bandung
11/8/2023,Standard,25 cm,3,"2,200,000", 6.600.000 ,Rosyid,Semarang
8/26/2025,Standard,35 cm,34,"7,000,000", 238.000.000 ,Rosyid,Bandung
8/19/2025,Dayung Setan,35 cm,3,"14,000,000", 42.000.000 ,Rosyid,Tangerang
10/28/2023,Dayung Setan,27 cm,3,"7,000,000", 21.000.000 ,Rosyid,Bekasi
3/4/2023,Semi King,51 cm,3,"7,000,000", 21.000.000 ,Rosyid,Palembang
1/16/2023,Standard,21 cm,3,"2,200,000", 6.600.000 ,Rosyid,Jakarta
5/12/2025,Standard,25 cm,8,"2,200,000", 17.600.000 ,Ajo,Depok
5/9/2024,Semi King,24 cm,1,"16,900,000", 16.900.000 ,Haddy,Bogor
11/18/2025,Standard,60 cm,6,"7,000,000", 42.000.000 ,Rosyid,Bekasi
11/13/2024,Dayung Setan,27 cm,1,"7,000,000", 7.000.000 ,Eka,Jakarta
3/29/2024,Standard,25 cm,7,"2,200,000", 15.400.000 ,Ajo,Bogor
8/6/2024,Mata Panda,51 cm,3,"16,000,000", 48.000.000 ,Rosyid,Bandung
7/20/2023,Dayung Setan,32 cm,3,"8,500,000", 25.500.000 ,Rosyid,Jakarta
4/27/2023,Mata Panda,28 cm,4,"14,000,000", 56.000.000 ,Ibnu,Semarang
2/4/2025,Semi King,28 cm,3,"10,000,000", 30.000.000 ,Haddy,Bekasi
4/21/2025,Standard,25 cm,1,"2,200,000", 2.200.000 ,Haddy,Tangerang
9/19/2024,Standard,25 cm,2,"2,200,000", 4.400.000 ,Ajo,Tangerang
3/29/2025,Semi King,22 cm,3,"8,500,000", 25.500.000 ,Rosyid,Pontianak
7/6/2024,Dayung Setan,36 cm,1,"10,000,000", 10.000.000 ,Ajo,Tangerang
1/29/2025,Standard,50 cm,30,"7,000,000", 210.000.000 ,Rosyid,Depok
7/19/2025,Standard,25 cm,2,"2,200,000", 4.400.000 ,Eka,Tangerang
9/16/2023,Standard,25 cm,2,"2,200,000", 4.400.000 ,Latif,Bogor
6/10/2023,King,51 cm,4,"8,500,000", 34.000.000 ,Haddy,Jakarta
8/27/2023,Standard,21 cm,4,"2,200,000", 8.800.000 ,Haddy,Semarang
9/18/2023,Mata Panda,15 cm,4,"14,000,000", 56.000.000 ,Latif,Depok
3/12/2024,Semi King,38 cm,2,"16,000,000", 32.000.000 ,Latif,Tangerang
6/11/2025,Standard,25 cm,1,"2,200,000", 2.200.000 ,Haddy,Jakarta
5/12/2024,Dayung Setan,22 cm,1,"5,000,000", 5.000.000 ,Haddy,Tangerang
8/5/2025,Standard,25 cm,24,"2,200,000", 52.800.000 ,Ibnu,Yogyakarta
11/17/2024,Semi King,15 cm,4,"8,500,000", 34.000.000 ,Eka,Depok
3/25/2023,Standard,55 cm,4,"10,000,000", 40.000.000 ,Eka,Tangerang
11/25/2024,Dayung Setan,51 cm,2,"9,500,000", 19.000.000 ,Ajo,Bekasi
3/15/2023,Semi King,20 cm,3,"11,800,000", 35.400.000 ,Eka,Denpasar
11/10/2025,Standard,22 cm,1,"2,200,000", 2.200.000 ,Rosyid,Depok
3/26/2024,Mata Panda,25 cm,3,"8,500,000", 25.500.000 ,Eka,Bandung
3/28/2024,Standard,60 cm,5,"7,000,000", 35.000.000 ,Haddy,Depok
11/24/2023,Standard,22 cm,3,"2,200,000", 6.600.000 ,Latif,Bekasi
7/2/2024,Mata Panda,51 cm,4,"12,000,000", 48.000.000 ,Ibnu,Bogor
1/26/2025,Standard,25 cm,2,"2,200,000", 4.400.000 ,Ibnu,Bekasi
12/25/2025,Standard,45 cm,2,"7,000,000", 14.000.000 ,Haddy,Bekasi
2/4/2023,Standard,25 cm,2,"2,200,000", 4.400.000 ,Haddy,Depok
5/5/2025,Semi King,29 cm,3,"10,100,000", 30.300.000 ,Haddy,Denpasar
8/28/2024,Mata Panda,28 cm,2,"16,000,000", 32.000.000 ,Latif,Depok
10/5/2025,Standard,21 cm,3,"2,200,000", 6.600.000 ,Latif,Pontianak
8/27/2023,Mata Panda,22 cm,2,"9,500,000", 19.000.000 ,Ibnu,Jakarta
1/21/2024,Standard,35 cm,18,"7,000,000", 126.000.000 ,Latif,Bandung
3/15/2024,Standard,25 cm,1,"2,200,000", 2.200.000 ,Rosyid,Bogor
2/14/2024,Dayung Setan,38 cm,1,"7,000,000", 7.000.000 ,Ibnu,Tangerang
5/20/2023,Dayung Setan,31 cm,3,"8,500,000", 25.500.000 ,Eka,Bogor
8/5/2025,King,41 cm,4,"9,500,000", 38.000.000 ,Haddy,Tangerang
5/17/2024,Semi King,22 cm,3,"14,000,000", 42.000.000 ,Latif,Jakarta
1/19/2024,Standard,51 cm,4,"9,500,000", 38.000.000 ,Haddy,Yogyakarta
2/18/2024,Semi King,30 cm,1,"18,100,000", 18.100.000 ,Rosyid,Bogor
1/11/2023,Dayung Setan,60 cm,4,"7,000,000", 28.000.000 ,Rosyid,Bekasi
4/22/2024,Semi King,22 cm,2,"14,500,000", 29.000.000 ,Ajo,Bekasi
3/18/2024,Standard,26 cm,3,"12,000,000", 36.000.000 ,Haddy,Surabaya
12/15/2024,Mata Panda,28 cm,1,"17,200,000", 17.200.000 ,Rosyid,Bekasi
12/19/2023,Standard,25 cm,7,"2,200,000", 15.400.000 ,Haddy,Bandung
2/11/2025,Mata Panda,36 cm,3,"9,500,000", 28.500.000 ,Ibnu,Depok
10/1/2025,Mata Panda,22 cm,4,"8,500,000", 34.000.000 ,Ibnu,Yogyakarta
8/5/2025,Dayung Setan,22 cm,3,"5,000,000", 15.000.000 ,Rosyid,Tangerang
3/6/2024,Mata Panda,33 cm,4,"7,000,000", 28.000.000 ,Haddy,Semarang
12/19/2025,Dayung Setan,30 cm,3,"8,500,000", 25.500.000 ,Eka,Makassar
5/9/2023,Standard,27 cm,3,"14,000,000", 42.000.000 ,Ajo,Bogor
4/23/2025,Standard,40 cm,20,"7,000,000", 140.000.000 ,Ajo,Bekasi
7/14/2023,Standard,26 cm,1,"5,100,000", 5.100.000 ,Latif,Bogor
9/18/2025,King,23 cm,1,"15,400,000", 15.400.000 ,Eka,Bogor
6/14/2025,Standard,21 cm,3,"2,200,000", 6.600.000 ,Ibnu,Yogyakarta
11/5/2023,Dayung Setan,33 cm,3,"8,500,000", 25.500.000 ,Latif,Yogyakarta
4/4/2025,Standard,55 cm,10,"7,000,000", 70.000.000 ,Ibnu,Tangerang
10/21/2023,Semi King,50 cm,4,"14,000,000", 56.000.000 ,Rosyid,Bandung
1/10/2023,Dayung Setan,36 cm,2,"10,000,000", 20.000.000 ,Ajo,Jakarta
12/10/2024,Semi King,28 cm,4,"9,500,000", 38.000.000 ,Eka,Bogor
10/28/2025,King,32 cm,2,"10,000,000", 20.000.000 ,Haddy,Bogor
9/20/2025,Standard,45 cm,9,"7,000,000", 63.000.000 ,Ibnu,Jakarta
7/1/2024,Standard,25 cm,1,"2,200,000", 2.200.000 ,Eka,Bogor
1/9/2023,Mata Panda,30 cm,3,"14,000,000", 42.000.000 ,Ajo,Palembang
10/1/2024,Standard,23 cm,1,"2,200,000", 2.200.000 ,Latif,Bekasi
1/13/2025,Semi King,30 cm,2,"12,800,000", 25.600.000 ,Rosyid,Jakarta
10/12/2024,Standard,21 cm,3,"2,200,000", 6.600.000 ,Latif,Bogor
8/30/2023,Dayung Setan,25 cm,3,"7,000,000", 21.000.000 ,Ibnu,Surabaya
9/19/2025,Standard,39 cm,2,"4,000,000", 8.000.000 ,Ibnu,Bekasi
12/5/2023,King,35 cm,1,"8,500,000", 8.500.000 ,Rosyid,Bogor
9/9/2024,Dayung Setan,52 cm,3,"12,000,000", 36.000.000 ,Latif,Bandung
5/23/2025,King,30 cm,2,"9,500,000", 19.000.000 ,Ibnu,Jakarta
12/31/2024,Semi King,26 cm,4,"9,500,000", 38.000.000 ,Ibnu,Bekasi
5/10/2023,Standard,45 cm,1,"7,000,000", 7.000.000 ,Haddy,Jakarta
1/21/2025,Semi King,21 cm,2,"14,000,000", 28.000.000 ,Ibnu,Jakarta
4/25/2025,Dayung Setan,33 cm,1,"8,500,000", 8.500.000 ,Ajo,Bogor
10/21/2024,Mata Panda,24 cm,3,"12,000,000", 36.000.000 ,Ajo,Makassar
7/19/2023,Standard,55 cm,1,"6,000,000", 6.000.000 ,Eka,Depok
3/21/2024,Standard,41 cm,4,"4,300,000", 17.200.000 ,Rosyid,Yogyakarta
7/25/2025,Standard,25 cm,1,"2,200,000", 2.200.000 ,Rosyid,Jakarta
5/26/2023,Dayung Setan,31 cm,2,"12,000,000", 24.000.000 ,Ibnu,Tangerang
2/1/2023,Dayung Setan,33 cm,3,"9,500,000", 28.500.000 ,Ajo,Medan
5/3/2024,Semi King,39 cm,2,"10,000,000", 20.000.000 ,Ajo,Tangerang
8/15/2025,King,38 cm,4,"7,000,000", 28.000.000 ,Rosyid,Bogor
4/10/2023,Mata Panda,23 cm,1,"9,500,000", 9.500.000 ,Haddy,Bekasi
12/13/2025,Semi King,21 cm,3,"9,500,000", 28.500.000 ,Haddy,Denpasar
6/21/2023,Dayung Setan,35 cm,2,"9,500,000", 19.000.000 ,Haddy,Tangerang
6/15/2024,Mata Panda,22 cm,2,"12,000,000", 24.000.000 ,Eka,Bogor
2/3/2024,Dayung Setan,35 cm,3,"9,500,000", 28.500.000 ,Ibnu,Depok
12/30/2023,Mata Panda,25 cm,1,"11,400,000", 11.400.000 ,Ajo,Bogor
7/26/2023,King,23 cm,1,"12,900,000", 12.900.000 ,Haddy,Jakarta
7/16/2024,Standard,55 cm,5,"7,000,000", 35.000.000 ,Ibnu,Bandung
6/29/2024,Semi King,20 cm,2,"14,400,000", 28.800.000 ,Eka,Jakarta
2/18/2025,Semi King,20 cm,3,"19,200,000", 57.600.000 ,Latif,Surabaya
7/3/2023,Mata Panda,20 cm,1,"10,000,000", 10.000.000 ,Rosyid,Jakarta
12/25/2024,Dayung Setan,60 cm,2,"9,500,000", 19.000.000 ,Eka,Depok
3/11/2023,Mata Panda,32 cm,1,"11,100,000", 11.100.000 ,Eka,Depok
11/21/2023,Standard,25 cm,2,"2,200,000", 4.400.000 ,Latif,Jakarta
6/23/2024,Mata Panda,50 cm,2,"10,000,000", 20.000.000 ,Ibnu,Jakarta
6/30/2025,Mata Panda,60 cm,3,"8,500,000", 25.500.000 ,Rosyid,Bogor
6/1/2025,King,23 cm,1,"12,700,000", 12.700.000 ,Ajo,Jakarta
1/21/2024,Semi King,30 cm,4,"14,000,000", 56.000.000 ,Eka,Tangerang
8/13/2025,Standard,25 cm,15,"2,200,000", 33.000.000 ,Rosyid,Bekasi
6/16/2024,Standard,25 cm,29,"2,200,000", 63.800.000 ,Ajo,Bandung
1/2/2023,Dayung Setan,35 cm,3,"9,500,000", 28.500.000 ,Eka,Medan
2/27/2024,Standard,35 cm,8,"7,000,000", 56.000.000 ,Rosyid,Depok
8/23/2024,Standard,25 cm,1,"2,200,000", 2.200.000 ,Latif,Tangerang
6/5/2023,Semi King,22 cm,3,"14,200,000", 42.600.000 ,Ajo,Makassar
2/9/2025,Semi King,30 cm,1,"18,900,000", 18.900.000 ,Rosyid,Bekasi
11/17/2023,Standard,21 cm,3,"2,200,000", 6.600.000 ,Rosyid,Tangerang
10/19/2023,Standard,40 cm,7,"7,000,000", 49.000.000 ,Latif,Yogyakarta
2/6/2023,Mata Panda,29 cm,3,"16,000,000", 48.000.000 ,Haddy,Pontianak
1/9/2023,Semi King,40 cm,1,"14,400,000", 14.400.000 ,Eka,Tangerang
11/9/2025,Semi King,26 cm,4,"16,000,000", 64.000.000 ,Ibnu,Yogyakarta
11/9/2024,Standard,60 cm,6,"7,000,000", 42.000.000 ,Ibnu,Jakarta
8/5/2025,Semi King,24 cm,3,"13,600,000", 40.800.000 ,Haddy,Surabaya
9/18/2025,Standard,25 cm,2,"2,200,000", 4.400.000 ,Latif,Jakarta
10/23/2023,Standard,55 cm,1,"7,000,000", 7.000.000 ,Eka,Jakarta
8/6/2025,Dayung Setan,20 cm,3,"5,000,000", 15.000.000 ,Rosyid,Bekasi
6/15/2023,Standard,25 cm,7,"2,200,000", 15.400.000 ,Latif,Yogyakarta
5/4/2025,Dayung Setan,55 cm,3,"9,500,000", 28.500.000 ,Rosyid,Palembang
10/10/2025,Semi King,21 cm,2,"9,500,000", 19.000.000 ,Haddy,Jakarta
7/27/2025,Standard,25 cm,1,"2,200,000", 2.200.000 ,Ibnu,Tangerang
8/14/2024,King,24 cm,1,"14,400,000", 14.400.000 ,Ajo,Tangerang
10/9/2025,Standard,55 cm,1,"9,500,000", 9.500.000 ,Latif,Jakarta
7/10/2023,Dayung Setan,15 cm,2,"16,000,000", 32.000.000 ,Latif,Bogor
12/6/2024,Semi King,20 cm,2,"15,500,000", 31.000.000 ,Rosyid,Bogor
5/28/2024,Standard,40 cm,12,"7,000,000", 84.000.000 ,Eka,Bandung
11/25/2023,Semi King,30 cm,2,"11,800,000", 23.600.000 ,Latif,Bogor
3/9/2024,Semi King,24 cm,2,"14,300,000", 28.600.000 ,Latif,Jakarta
9/30/2024,Standard,55 cm,1,"7,000,000", 7.000.000 ,Latif,Jakarta
2/16/2025,Semi King,25 cm,1,"13,100,000", 13.100.000 ,Ibnu,Bekasi
2/26/2023,Mata Panda,33 cm,3,"9,500,000", 28.500.000 ,Latif,Semarang
9/1/2024,Standard,25 cm,2,"2,200,000", 4.400.000 ,Eka,Jakarta
8/30/2024,Standard,30 cm,31,"2,200,000", 68.200.000 ,Haddy,Bekasi
1/15/2025,Standard,50 cm,18,"7,000,000", 126.000.000 ,Ibnu,Bogor
4/23/2025,Standard,30 cm,11,"2,200,000", 24.200.000 ,Rosyid,Bekasi
6/21/2024,Standard,50 cm,2,"7,000,000", 14.000.000 ,Eka,Tangerang
12/6/2024,Standard,29 cm,1,"7,000,000", 7.000.000 ,Latif,Jakarta
8/11/2024,Dayung Setan,22 cm,2,"12,000,000", 24.000.000 ,Ibnu,Bekasi
8/27/2023,Standard,60 cm,3,"16,000,000", 48.000.000 ,Latif,Pontianak
9/7/2024,Mata Panda,33 cm,1,"30,000,000", 30.000.000 ,Latif,Depok
1/3/2023,Standard,41 cm,2,"14,000,000", 28.000.000 ,Ajo,Jakarta
8/30/2023,Standard,60 cm,22,"7,000,000", 154.000.000 ,Rosyid,Tangerang
5/18/2025,Semi King,31 cm,2,"15,300,000", 30.600.000 ,Ibnu,Depok
11/25/2025,Standard,22 cm,3,"2,200,000", 6.600.000 ,Rosyid,Palembang
9/21/2024,Standard,25 cm,2,"2,200,000", 4.400.000 ,Rosyid,Bogor
7/29/2023,Standard,25 cm,2,"2,200,000", 4.400.000 ,Eka,Depok
12/5/2024,Standard,50 cm,2,"7,000,000", 14.000.000 ,Eka,Bekasi
6/25/2025,Standard,25 cm,2,"2,200,000", 4.400.000 ,Rosyid,Bekasi
11/10/2025,Mata Panda,56 cm,4,"9,500,000", 38.000.000 ,Rosyid,Jakarta
11/17/2024,Standard,25 cm,2,"2,200,000", 4.400.000 ,Haddy,Depok
9/5/2024,Dayung Setan,29 cm,3,"7,000,000", 21.000.000 ,Ajo,Makassar
5/14/2025,Standard,26 cm,4,"16,000,000", 64.000.000 ,Ajo,Bogor
11/9/2025,Semi King,25 cm,4,"16,000,000", 64.000.000 ,Ibnu,Bogor
3/20/2025,King,23 cm,4,"10,000,000", 40.000.000 ,Haddy,Bogor
11/14/2023,Mata Panda,21 cm,3,"7,000,000", 21.000.000 ,Eka,Denpasar
2/17/2023,Semi King,29 cm,2,"19,700,000", 39.400.000 ,Latif,Bogor
3/2/2023,Standard,60 cm,5,"7,000,000", 35.000.000 ,Rosyid,Yogyakarta
7/26/2025,Standard,25 cm,16,"2,200,000", 35.200.000 ,Eka,Yogyakarta
9/9/2023,King,27 cm,3,"14,000,000", 42.000.000 ,Eka,Denpasar
11/15/2025,Standard,55 cm,3,"10,000,000", 30.000.000 ,Eka,Makassar
11/30/2024,Standard,25 cm,2,"2,200,000", 4.400.000 ,Ajo,Jakarta
3/19/2025,Semi King,25 cm,3,"15,700,000", 47.100.000 ,Ibnu,Medan
12/11/2023,Dayung Setan,39 cm,3,"8,500,000", 25.500.000 ,Latif,Medan
2/17/2024,Standard,35 cm,28,"7,000,000", 196.000.000 ,Eka,Bogor
11/8/2024,Standard,40 cm,3,"4,000,000", 12.000.000 ,Latif,Semarang
5/8/2025,Dayung Setan,41 cm,4,"16,000,000", 64.000.000 ,Latif,Bandung
12/16/2023,Mata Panda,35 cm,1,"30,000,000", 30.000.000 ,Ajo,Jakarta
6/10/2025,Semi King,60 cm,3,"12,000,000", 36.000.000 ,Eka,Medan
1/18/2023,Standard,21 cm,3,"2,200,000", 6.600.000 ,Rosyid,Tangerang
3/7/2025,Mata Panda,23 cm,1,"11,900,000", 11.900.000 ,Haddy,Bekasi
8/1/2025,Standard,40 cm,1,"16,000,000", 16.000.000 ,Ibnu,Tangerang
12/15/2024,Semi King,36 cm,4,"16,000,000", 64.000.000 ,Eka,Semarang
6/22/2023,Semi King,31 cm,3,"11,000,000", 33.000.000 ,Eka,Tangerang
4/12/2023,Standard,50 cm,2,"7,000,000", 14.000.000 ,Ajo,Jakarta
7/13/2023,Semi King,31 cm,3,"14,200,000", 42.600.000 ,Latif,Bekasi
11/10/2023,Standard,25 cm,7,"2,200,000", 15.400.000 ,Rosyid,Bekasi
11/9/2023,Standard,30 cm,24,"2,200,000", 52.800.000 ,Eka,Tangerang
8/23/2023,King,23 cm,4,"9,500,000", 38.000.000 ,Ajo,Bandung
1/12/2023,Standard,50 cm,2,"2,300,000", 4.600.000 ,Ibnu,Jakarta
8/29/2023,Semi King,33 cm,1,"12,000,000", 12.000.000 ,Ajo,Bogor
1/16/2024,Mata Panda,20 cm,3,"8,500,000", 25.500.000 ,Eka,Pontianak
9/24/2025,Semi King,27 cm,1,"11,200,000", 11.200.000 ,Ajo,Tangerang
2/12/2023,King,23 cm,1,"17,200,000", 17.200.000 ,Rosyid,Bogor
11/12/2025,Dayung Setan,35 cm,2,"9,500,000", 19.000.000 ,Haddy,Depok
3/17/2023,Standard,21 cm,3,"2,200,000", 6.600.000 ,Rosyid,Jakarta
7/18/2025,Standard,30 cm,27,"2,200,000", 59.400.000 ,Ajo,Jakarta
12/22/2025,Standard,25 cm,2,"2,200,000", 4.400.000 ,Ajo,Jakarta
4/3/2024,Dayung Setan,37 cm,1,"10,000,000", 10.000.000 ,Eka,Depok
3/8/2025,Standard,35 cm,15,"7,000,000", 105.000.000 ,Haddy,Jakarta
7/13/2024,Standard,25 cm,24,"2,200,000", 52.800.000 ,Ibnu,Yogyakarta
10/2/2025,King,60 cm,3,"9,500,000", 28.500.000 ,Rosyid,Depok
12/27/2024,Dayung Setan,35 cm,3,"9,500,000", 28.500.000 ,Latif,Tangerang
2/10/2025,Standard,10 cm,5,"1,200,000", 6.000.000 ,Ajo,Semarang
7/16/2025,Standard,25 cm,3,"2,200,000", 6.600.000 ,Eka,Depok
9/15/2023,Standard,25 cm,1,"2,200,000", 2.200.000 ,Latif,Bekasi
8/30/2025,Standard,15 cm,1,"1,400,000", 1.400.000 ,Latif,Bogor
2/12/2023,Standard,40 cm,10,"7,000,000", 70.000.000 ,Haddy,Bekasi
8/14/2024,Standard,25 cm,7,"2,200,000", 15.400.000 ,Ibnu,Depok
7/19/2024,Mata Panda,24 cm,4,"12,000,000", 48.000.000 ,Haddy,Tangerang
5/3/2025,Standard,25 cm,1,"2,200,000", 2.200.000 ,Ajo,Tangerang
1/25/2023,Standard,40 cm,27,"7,000,000", 189.000.000 ,Ajo,Jakarta
12/10/2024,Standard,25 cm,3,"2,200,000", 6.600.000 ,Ibnu,Palembang
7/27/2023,Standard,25 cm,2,"2,200,000", 4.400.000 ,Ibnu,Bogor
1/14/2024,Standard,15 cm,1,"1,400,000", 1.400.000 ,Latif,Depok
12/9/2024,Standard,15 cm,5,"1,200,000", 6.000.000 ,Eka,Bandung
4/8/2023,Standard,40 cm,3,"4,000,000", 12.000.000 ,Rosyid,Depok
12/26/2024,Standard,25 cm,1,"2,200,000", 2.200.000 ,Rosyid,Depok
10/4/2025,Mata Panda,26 cm,1,"16,000,000", 16.000.000 ,Eka,Jakarta
1/31/2024,Standard,25 cm,14,"2,200,000", 30.800.000 ,Rosyid,Tangerang
10/26/2025,Dayung Setan,20 cm,4,"8,500,000", 34.000.000 ,Rosyid,Jakarta
6/25/2025,Standard,15 cm,3,"1,400,000", 4.200.000 ,Haddy,Bogor
3/31/2023,Semi King,50 cm,4,"12,000,000", 48.000.000 ,Eka,Bogor
4/4/2023,Standard,50 cm,8,"7,000,000", 56.000.000 ,Haddy,Tangerang
4/7/2024,Semi King,28 cm,3,"18,800,000", 56.400.000 ,Haddy,Bandung
7/10/2024,Standard,12 cm,1,"850,000","850,000",Latif,Bekasi
7/14/2023,Mata Panda,21 cm,1,"9,500,000","700,000",Ajo,Depok
7/23/2023,Semi King,40 cm,2,"12,000,000","850,000",Haddy,Depok
6/27/2023,Semi King,60 cm,1,"16,100,000","850,000",Ibnu,Depok
12/10/2024,Standard,50 cm,1,"7,000,000","850,000",Latif,Tangerang
11/30/2023,Standard,55 cm,19,"7,000,000","750,000",Ibnu,Bogor
5/14/2024,King,41 cm,1,"9,500,000","750,000",Ibnu,Bekasi
1/18/2025,Dayung Setan,60 cm,3,"16,500,000","900,000",Ajo,Denpasar
12/5/2023,Dayung Setan,29 cm,1,"8,500,000","750,000",Latif,Tangerang
7/27/2025,Standard,11 cm,4,"1,200,000","800,000",Latif,Bandung
6/20/2023,Semi King,33 cm,2,"17,000,000","750,000",Rosyid,Depok
12/25/2023,Standard,15 cm,4,"1,200,000","750,000",Eka,Depok
4/24/2023,Mata Panda,30 cm,1,"10,000,000","750,000",Rosyid,Bogor
1/12/2025,Standard,25 cm,1,"2,200,000","700,000",Rosyid,Bekasi
10/20/2025,Standard,25 cm,15,"2,200,000", 33.000.000 ,Eka,Depok
6/3/2025,Standard,11 cm,6,"1,200,000", 7.200.000 ,Rosyid,Semarang
1/2/2024,Standard,32 cm,3,"7,500,000", 22.500.000 ,Eka,Palembang
2/6/2024,Dayung Setan,20 cm,3,"5,000,000", 15.000.000 ,Rosyid,Jakarta
11/14/2023,Standard,55 cm,7,"7,000,000", 49.000.000 ,Eka,Bogor
6/13/2023,Standard,14 cm,4,"1,200,000", 4.800.000 ,Haddy,Semarang
12/28/2023,Semi King,20 cm,2,"11,100,000", 22.200.000 ,Eka,Tangerang
6/15/2025,Standard,25 cm,1,"2,200,000", 2.200.000 ,Rosyid,Depok
4/20/2024,Standard,10 cm,1,"700,000","700,000",Rosyid,Depok
5/10/2023,King,51 cm,3,"9,500,000", 28.500.000 ,Ajo,Bogor
2/5/2023,Dayung Setan,30 cm,4,"7,000,000", 28.000.000 ,Ajo,Yogyakarta
6/4/2024,Standard,60 cm,6,"7,000,000", 42.000.000 ,Ajo,Yogyakarta
1/19/2023,King,50 cm,3,"16,000,000", 48.000.000 ,Rosyid,Pontianak
3/30/2024,Standard,13 cm,3,"1,200,000", 3.600.000 ,Latif,Depok
11/25/2024,King,51 cm,1,"7,000,000", 7.000.000 ,Eka,Bogor
3/11/2025,Standard,13 cm,7,"1,200,000", 8.400.000 ,Haddy,Bandung
10/14/2024,Dayung Setan,24 cm,4,"8,500,000", 34.000.000 ,Eka,Bogor
8/26/2025,Standard,25 cm,1,"2,200,000", 2.200.000 ,Ajo,Bekasi
1/6/2025,Standard,25 cm,7,"2,200,000", 15.400.000 ,Ibnu,Bekasi
1/25/2025,Mata Panda,25 cm,1,"18,900,000", 18.900.000 ,Latif,Tangerang
6/9/2025,Standard,11 cm,1,"850,000","850,000",Latif,Jakarta
7/30/2023,Semi King,52 cm,4,"14,000,000", 56.000.000 ,Rosyid,Jakarta
4/7/2024,Dayung Setan,26 cm,4,"9,500,000", 38.000.000 ,Rosyid,Bandung
6/12/2024,Semi King,20 cm,3,"7,000,000", 21.000.000 ,Haddy,Tangerang
9/3/2023,Mata Panda,26 cm,3,"8,500,000", 25.500.000 ,Haddy,Denpasar
9/14/2023,Standard,22 cm,3,"2,200,000", 6.600.000 ,Eka,Medan
1/17/2025,Semi King,30 cm,2,"9,500,000", 19.000.000 ,Ajo,Bekasi
11/27/2025,Standard,10 cm,3,"1,200,000", 3.600.000 ,Ajo,Semarang
5/20/2023,Standard,25 cm,3,"2,200,000", 6.600.000 ,Latif,Tangerang
8/18/2024,Standard,30 cm,2,"2,300,000", 4.600.000 ,Haddy,Jakarta
7/1/2025,Dayung Setan,31 cm,2,"8,500,000", 17.000.000 ,Ibnu,Tangerang
11/18/2025,Mata Panda,24 cm,1,"8,500,000", 8.500.000 ,Eka,Tangerang
6/29/2025,Standard,25 cm,3,"2,200,000", 6.600.000 ,Rosyid,Yogyakarta
2/10/2023,Standard,14 cm,4,"1,200,000", 4.800.000 ,Eka,Depok
7/2/2024,Standard,25 cm,1,"2,200,000", 2.200.000 ,Rosyid,Bogor
5/20/2023,Standard,21 cm,3,"2,200,000", 6.600.000 ,Rosyid,Medan
2/9/2023,Standard,10 cm,3,"1,200,000", 3.600.000 ,Ibnu,Bandung
11/21/2023,Standard,25 cm,2,"2,200,000", 4.400.000 ,Latif,Depok
11/14/2025,Standard,51 cm,1,"6,000,000", 6.000.000 ,Ajo,Tangerang
8/27/2023,Standard,22 cm,3,"2,200,000", 6.600.000 ,Eka,Medan
5/6/2025,Standard,45 cm,9,"7,000,000", 63.000.000 ,Ibnu,Bekasi
5/22/2023,King,21 cm,1,"12,000,000", 12.000.000 ,Latif,Bogor
1/31/2024,Standard,10 cm,1,"850,000","850,000",Haddy,Jakarta
1/25/2023,Standard,34 cm,1,"16,000,000", 16.000.000 ,Rosyid,Jakarta
8/8/2025,Standard,38 cm,1,"4,000,000", 4.000.000 ,Eka,Bekasi
9/22/2025,Standard,25 cm,2,"2,200,000", 4.400.000 ,Ibnu,Tangerang
11/23/2025,Semi King,33 cm,2,"9,500,000", 19.000.000 ,Latif,Depok
7/30/2024,Standard,25 cm,2,"2,200,000", 4.400.000 ,Ibnu,Jakarta
5/26/2023,Mata Panda,32 cm,3,"9,500,000", 28.500.000 ,Ibnu,Medan
9/9/2025,Mata Panda,20 cm,1,"7,000,000", 7.000.000 ,Rosyid,Bogor
6/17/2023,Standard,14 cm,6,"1,200,000", 7.200.000 ,Rosyid,Tangerang
9/26/2025,Standard,50 cm,17,"7,000,000", 119.000.000 ,Ajo,Bekasi
6/24/2024,Standard,41 cm,2,"4,300,000", 8.600.000 ,Ibnu,Tangerang
7/18/2024,Standard,25 cm,1,"2,200,000", 2.200.000 ,Ibnu,Bogor
6/13/2023,Standard,25 cm,9,"2,200,000", 19.800.000 ,Latif,Tangerang
1/17/2025,Dayung Setan,20 cm,2,"5,000,000", 10.000.000 ,Eka,Bekasi
2/7/2024,King,31 cm,1,"12,000,000", 12.000.000 ,Haddy,Depok
6/16/2024,Semi King,34 cm,4,"14,000,000", 56.000.000 ,Latif,Jakarta
7/13/2025,Standard,11 cm,1,"850,000","850,000",Rosyid,Bekasi
5/29/2024,Dayung Setan,26 cm,3,"12,000,000", 36.000.000 ,Ajo,Jakarta
7/4/2023,Standard,15 cm,1,"750,000","750,000",Ibnu,Tangerang
1/14/2025,Dayung Setan,21 cm,3,"14,000,000", 42.000.000 ,Eka,Jakarta
5/28/2025,Standard,25 cm,2,"2,200,000", 4.400.000 ,Eka,Jakarta
4/17/2023,Dayung Setan,31 cm,3,"8,500,000", 25.500.000 ,Ibnu,Makassar
10/17/2025,Standard,25 cm,3,"2,200,000", 6.600.000 ,Eka,Bogor
7/25/2025,Standard,25 cm,15,"2,200,000", 33.000.000 ,Latif,Yogyakarta
5/6/2024,Semi King,20 cm,2,"10,600,000", 21.200.000 ,Rosyid,Jakarta
2/18/2024,Semi King,55 cm,3,"8,500,000", 25.500.000 ,Eka,Tangerang
12/13/2023,Standard,25 cm,3,"2,200,000", 6.600.000 ,Latif,Surabaya
7/14/2023,Standard,15 cm,3,"1,400,000", 4.200.000 ,Haddy,Yogyakarta
2/12/2023,Standard,60 cm,2,"7,000,000", 14.000.000 ,Latif,Depok
12/21/2025,Dayung Setan,51 cm,3,"10,000,000", 30.000.000 ,Eka,Makassar
10/17/2025,Semi King,26 cm,3,"17,200,000", 51.600.000 ,Ibnu,Yogyakarta
6/3/2025,Standard,25 cm,2,"2,200,000", 4.400.000 ,Eka,Jakarta
2/27/2023,King,38 cm,4,"12,000,000", 48.000.000 ,Ajo,Semarang
4/11/2025,Standard,13 cm,7,"1,200,000", 8.400.000 ,Latif,Depok
6/23/2024,Semi King,28 cm,2,"14,000,000", 28.000.000 ,Eka,Bogor
5/20/2025,Standard,12 cm,5,"1,200,000", 6.000.000 ,Rosyid,Tangerang
10/29/2025,Dayung Setan,31 cm,3,"14,000,000", 42.000.000 ,Haddy,Depok
8/18/2024,Standard,30 cm,9,"2,200,000", 19.800.000 ,Rosyid,Depok
7/14/2023,Standard,11 cm,1,"750,000","750,000",Ajo,Bekasi
10/14/2025,Semi King,50 cm,4,"16,000,000", 64.000.000 ,Haddy,Tangerang
1/12/2025,Standard,10 cm,7,"1,200,000", 8.400.000 ,Rosyid,Tangerang
12/7/2024,Standard,12 cm,1,"900,000","900,000",Ajo,Bekasi
6/6/2024,Semi King,55 cm,4,"7,000,000", 28.000.000 ,Eka,Semarang
5/10/2025,Mata Panda,28 cm,2,"12,000,000", 24.000.000 ,Ajo,Jakarta
8/30/2023,Standard,40 cm,23,"7,000,000", 161.000.000 ,Eka,Jakarta
4/12/2023,Dayung Setan,21 cm,2,"8,500,000", 17.000.000 ,Rosyid,Tangerang
6/9/2023,Standard,25 cm,28,"2,200,000", 61.600.000 ,Eka,Bogor
3/6/2023,Standard,13 cm,1,"750,000","750,000",Haddy,Tangerang
4/21/2025,Standard,28 cm,4,"12,000,000", 48.000.000 ,Ibnu,Yogyakarta
5/2/2025,King,27 cm,3,"12,000,000", 36.000.000 ,Latif,Depok
7/18/2024,Semi King,35 cm,3,"10,800,000", 32.400.000 ,Rosyid,Palembang
10/20/2025,Standard,15 cm,1,"1,500,000", 1.500.000 ,Eka,Bogor
1/1/2024,King,23 cm,1,"10,100,000", 10.100.000 ,Rosyid,Tangerang
6/21/2025,Standard,14 cm,6,"1,200,000", 7.200.000 ,Rosyid,Bogor
11/5/2024,Semi King,35 cm,2,"14,700,000", 29.400.000 ,Rosyid,Tangerang
12/6/2023,Standard,15 cm,7,"1,200,000", 8.400.000 ,Haddy,Tangerang
3/1/2025,Semi King,51 cm,3,"8,500,000", 25.500.000 ,Ibnu,Pontianak
3/23/2025,Mata Panda,22 cm,3,"9,500,000", 28.500.000 ,Ibnu,Denpasar
6/23/2023,Standard,55 cm,3,"7,000,000", 21.000.000 ,Ajo,Tangerang
6/21/2024,Semi King,28 cm,2,"13,500,000", 27.000.000 ,Haddy,Depok
7/27/2025,Standard,25 cm,3,"2,200,000", 6.600.000 ,Rosyid,Medan
7/4/2025,Standard,27 cm,2,"8,500,000", 17.000.000 ,Ibnu,Bogor
3/15/2024,Standard,12 cm,1,"800,000","800,000",Eka,Depok
2/24/2023,Standard,37 cm,1,"14,000,000", 14.000.000 ,Ajo,Jakarta
12/1/2023,King,22 cm,1,"10,700,000", 10.700.000 ,Rosyid,Jakarta
3/14/2023,Standard,60 cm,5,"7,000,000", 35.000.000 ,Ajo,Bekasi
8/14/2025,Dayung Setan,29 cm,2,"12,000,000", 24.000.000 ,Haddy,Bekasi
7/8/2023,Standard,35 cm,8,"7,000,000", 56.000.000 ,Rosyid,Bogor
1/25/2025,Standard,50 cm,2,"7,000,000", 14.000.000 ,Latif,Bogor
7/13/2024,Standard,25 cm,10,"2,200,000", 22.000.000 ,Eka,Bekasi
11/26/2023,Standard,15 cm,1,"1,300,000", 1.300.000 ,Rosyid,Bekasi
11/30/2023,Dayung Setan,25 cm,2,"7,000,000", 14.000.000 ,Eka,Bogor
12/3/2024,Standard,25 cm,15,"2,200,000", 33.000.000 ,Ibnu,Bandung
7/21/2023,Standard,60 cm,11,"7,000,000", 77.000.000 ,Ibnu,Bandung
5/30/2025,King,20 cm,2,"13,300,000", 26.600.000 ,Rosyid,Jakarta
10/21/2023,Standard,20 cm,3,"2,200,000", 6.600.000 ,Ajo,Bandung
11/25/2025,Standard,60 cm,5,"7,000,000", 35.000.000 ,Latif,Bogor
5/3/2024,King,50 cm,2,"7,000,000", 14.000.000 ,Ajo,Tangerang
1/11/2024,Standard,15 cm,2,"1,400,000", 2.800.000 ,Eka,Tangerang
7/30/2025,Semi King,36 cm,3,"10,000,000", 30.000.000 ,Ajo,Denpasar
2/26/2025,Standard,25 cm,1,"2,200,000", 2.200.000 ,Ibnu,Depok
9/14/2024,Standard,15 cm,2,"1,400,000", 2.800.000 ,Ajo,Bekasi
9/22/2025,King,55 cm,3,"14,000,000", 42.000.000 ,Latif,Jakarta
9/16/2023,Standard,15 cm,1,"1,400,000", 1.400.000 ,Ibnu,Jakarta
2/7/2025,Standard,15 cm,1,"1,300,000", 1.300.000 ,Rosyid,Bogor
12/14/2023,Dayung Setan,23 cm,2,"7,000,000", 14.000.000 ,Rosyid,Jakarta
7/12/2025,Dayung Setan,40 cm,3,"7,000,000", 21.000.000 ,Ibnu,Medan
5/7/2023,Standard,45 cm,9,"7,000,000", 63.000.000 ,Rosyid,Bekasi
1/19/2023,Standard,50 cm,21,"7,000,000", 147.000.000 ,Ajo,Bekasi
7/5/2024,Standard,25 cm,20,"2,200,000", 44.000.000 ,Latif,Bogor
3/12/2024,Standard,12 cm,3,"1,200,000", 3.600.000 ,Rosyid,Bogor
12/2/2023,Semi King,28 cm,3,"8,500,000", 25.500.000 ,Latif,Surabaya
7/18/2023,Dayung Setan,36 cm,3,"9,500,000", 28.500.000 ,Rosyid,Depok
7/28/2023,Standard,25 cm,2,"2,200,000", 4.400.000 ,Ibnu,Bogor
3/20/2024,Standard,25 cm,8,"2,200,000", 17.600.000 ,Ajo,Yogyakarta
8/25/2023,Standard,11 cm,5,"1,200,000", 6.000.000 ,Ajo,Bandung
5/9/2024,Standard,21 cm,3,"2,200,000", 6.600.000 ,Latif,Bandung
9/9/2023,Dayung Setan,39 cm,4,"7,000,000", 28.000.000 ,Eka,Bogor
12/27/2023,Standard,15 cm,1,"750,000","750,000",Ajo,Tangerang
2/15/2025,King,39 cm,2,"10,000,000", 20.000.000 ,Ajo,Jakarta
2/3/2024,Standard,37 cm,4,"7,000,000", 28.000.000 ,Latif,Bekasi
1/31/2025,Mata Panda,31 cm,3,"7,000,000", 21.000.000 ,Rosyid,Denpasar
11/3/2023,Mata Panda,21 cm,1,"7,000,000", 7.000.000 ,Ajo,Bogor
10/24/2023,Standard,15 cm,1,"750,000","750,000",Rosyid,Depok
8/2/2023,Standard,14 cm,7,"1,200,000", 8.400.000 ,Ajo,Tangerang
8/7/2024,Standard,25 cm,16,"2,200,000", 35.200.000 ,Eka,Semarang
5/22/2024,Standard,30 cm,3,"3,700,000", 11.100.000 ,Eka,Bandung
8/15/2023,Semi King,41 cm,3,"12,000,000", 36.000.000 ,Ajo,Bekasi
11/16/2023,Standard,22 cm,3,"2,200,000", 6.600.000 ,Rosyid,Surabaya
12/1/2023,Semi King,27 cm,3,"8,500,000", 25.500.000 ,Ibnu,Jakarta
7/1/2025,Standard,40 cm,10,"7,000,000", 70.000.000 ,Haddy,Bogor
4/29/2023,Standard,15 cm,1,"1,400,000", 1.400.000 ,Latif,Bekasi
8/29/2024,Standard,41 cm,1,"10,000,000", 10.000.000 ,Ajo,Depok
4/23/2023,King,34 cm,1,"14,000,000", 14.000.000 ,Haddy,Bekasi
12/5/2023,Standard,50 cm,1,"7,000,000", 7.000.000 ,Haddy,Jakarta
12/2/2025,Semi King,31 cm,4,"16,000,000", 64.000.000 ,Rosyid,Tangerang
12/20/2023,Standard,15 cm,2,"1,300,000", 2.600.000 ,Rosyid,Tangerang
1/31/2025,Standard,15 cm,2,"16,000,000", 32.000.000 ,Ibnu,Bekasi
1/19/2024,Standard,15 cm,4,"1,400,000", 5.600.000 ,Eka,Tangerang
12/27/2025,Standard,21 cm,3,"2,200,000", 6.600.000 ,Eka,Medan
10/30/2025,Standard,25 cm,3,"2,200,000", 6.600.000 ,Ajo,Medan
5/31/2024,Mata Panda,21 cm,3,"10,000,000", 30.000.000 ,Rosyid,Palembang
4/13/2024,Standard,22 cm,3,"2,200,000", 6.600.000 ,Ibnu,Bogor
2/19/2024,Mata Panda,34 cm,4,"12,000,000", 48.000.000 ,Haddy,Jakarta
8/17/2023,Semi King,33 cm,1,"13,100,000", 13.100.000 ,Ibnu,Depok
12/30/2024,Standard,21 cm,3,"2,200,000", 6.600.000 ,Eka,Makassar
11/11/2023,Standard,25 cm,1,"2,200,000", 2.200.000 ,Eka,Bekasi
8/4/2023,Standard,21 cm,3,"2,200,000", 6.600.000 ,Eka,Bandung
1/18/2024,Mata Panda,35 cm,1,"12,000,000", 12.000.000 ,Eka,Jakarta
10/2/2023,King,29 cm,2,"9,500,000", 19.000.000 ,Rosyid,Depok
8/11/2023,Standard,25 cm,2,"2,200,000", 4.400.000 ,Latif,Bekasi
6/11/2025,Standard,15 cm,1,"1,400,000", 1.400.000 ,Eka,Tangerang
1/16/2023,Standard,30 cm,12,"2,200,000", 26.400.000 ,Rosyid,Semarang
12/11/2024,Standard,15 cm,2,"1,300,000", 2.600.000 ,Rosyid,Tangerang
8/31/2025,Standard,25 cm,2,"2,200,000", 4.400.000 ,Haddy,Bekasi
1/19/2023,Mata Panda,30 cm,4,"14,000,000", 56.000.000 ,Haddy,Semarang
12/18/2025,Standard,15 cm,3,"1,300,000", 3.900.000 ,Ajo,Palembang
5/6/2024,Semi King,32 cm,3,"13,800,000", 41.400.000 ,Ajo,Bogor
7/5/2025,Standard,13 cm,7,"1,200,000", 8.400.000 ,Eka,Tangerang
5/24/2024,Dayung Setan,31 cm,1,"8,500,000", 8.500.000 ,Ibnu,Tangerang
6/15/2025,Dayung Setan,34 cm,1,"8,500,000", 8.500.000 ,Eka,Depok
5/28/2023,Semi King,40 cm,1,"9,500,000", 9.500.000 ,Ajo,Jakarta
3/17/2024,Standard,35 cm,26,"7,000,000", 182.000.000 ,Rosyid,Depok
6/4/2025,Standard,11 cm,3,"1,200,000", 3.600.000 ,Ajo,Medan
11/12/2024,Semi King,34 cm,3,"10,000,000", 30.000.000 ,Ibnu,Surabaya
11/11/2024,Standard,25 cm,1,"2,200,000", 2.200.000 ,Latif,Depok
12/4/2023,Dayung Setan,29 cm,3,"9,500,000", 28.500.000 ,Latif,Jakarta
5/2/2025,King,26 cm,4,"7,000,000", 28.000.000 ,Haddy,Semarang
11/4/2023,Standard,25 cm,2,"2,200,000", 4.400.000 ,Rosyid,Jakarta
5/10/2023,Mata Panda,29 cm,3,"12,000,000", 36.000.000 ,Haddy,Denpasar
1/20/2025,Dayung Setan,27 cm,3,"8,500,000", 25.500.000 ,Rosyid,Jakarta
11/22/2024,Dayung Setan,28 cm,3,"8,500,000", 25.500.000 ,Eka,Surabaya
3/10/2025,Semi King,34 cm,4,"9,500,000", 38.000.000 ,Rosyid,Jakarta
7/24/2025,Standard,40 cm,18,"7,000,000", 126.000.000 ,Haddy,Bandung
11/16/2023,Standard,12 cm,1,"750,000","750,000",Rosyid,Jakarta
11/19/2023,King,23 cm,1,"14,400,000", 14.400.000 ,Ajo,Depok
10/21/2023,Semi King,39 cm,3,"12,000,000", 36.000.000 ,Ibnu,Bandung
9/20/2025,Standard,40 cm,3,"4,000,000", 12.000.000 ,Eka,Bandung
10/28/2025,Standard,50 cm,1,"7,000,000", 7.000.000 ,Ibnu,Tangerang
1/3/2025,Dayung Setan,31 cm,3,"16,000,000", 48.000.000 ,Ibnu,Semarang
3/27/2024,King,50 cm,1,"8,500,000", 8.500.000 ,Latif,Bekasi
4/4/2023,Standard,13 cm,5,"1,200,000", 6.000.000 ,Ajo,Bekasi
2/22/2023,Standard,22 cm,3,"2,200,000", 6.600.000 ,Eka,Jakarta
2/12/2025,Standard,10 cm,1,"700,000","700,000",Latif,Jakarta
4/21/2023,Semi King,52 cm,4,"16,000,000", 64.000.000 ,Latif,Jakarta
2/1/2024,Standard,25 cm,3,"2,200,000", 6.600.000 ,Eka,Bandung
11/8/2023,Standard,10 cm,6,"1,200,000", 7.200.000 ,Latif,Bekasi
10/30/2023,Semi King,35 cm,2,"14,100,000", 28.200.000 ,Ajo,Depok
7/18/2024,Standard,25 cm,2,"2,200,000", 4.400.000 ,Latif,Bekasi
8/19/2023,Semi King,50 cm,3,"9,500,000", 28.500.000 ,Rosyid,Pontianak
3/2/2023,Special,33 cm,4,"9,500,000","38,000,000",Ajo,Bogor
2/18/2025,Shortbody,23 cm,2,"8,500,000","17,000,000",Haddy,Jakarta
8/24/2024,Slayer,28 cm,1,"8,500,000","8,500,000",Ajo,Bogor
11/5/2024,Shortbody,56 cm,5,"12,000,000","60,000,000",Latif,Jakarta
12/17/2023,Slayer,35 cm,5,"9,500,000","47,500,000",Latif,Tangerang
4/6/2023,Sumo,26 cm,5,"8,500,000","42,500,000",Eka,Bandung
1/18/2024,Slayer,40 cm,2,"12,000,000","24,000,000",Ibnu,Jakarta
10/27/2023,Sepauk,26 cm,5,"12,000,000","60,000,000",Ibnu,Tangerang
3/8/2023,Special,37 cm,2,"13,500,000","27,000,000",Ajo,Tangerang
10/23/2024,Shortbody,25 cm,4,"9,500,000","38,000,000",Eka,Bekasi
11/7/2023,Sepauk,30 cm,3,"5,000,000","15,000,000",Eka,Palembang
9/24/2025,Sumo,52 cm,2,"8,500,000","17,000,000",Haddy,Bogor
12/23/2025,Special,52 cm,5,"7,000,000","35,000,000",Eka,Tangerang
9/9/2025,Sumo,33 cm,3,"7,000,000","21,000,000",Rosyid,Makassar
5/7/2023,Sepauk,36 cm,5,"8,500,000","42,500,000",Rosyid,Depok
9/22/2024,Slayer,33 cm,1,"10,000,000","10,000,000",Latif,Bogor
3/8/2024,Shortbody,38 cm,1,"10,000,000","10,000,000",Rosyid,Depok
12/23/2023,Special,37 cm,1,"13,100,000","13,100,000",Ibnu,Bekasi
7/17/2024,Special,36 cm,2,"14,000,000","28,000,000",Haddy,Tangerang
5/6/2023,Sumo,26 cm,2,"7,000,000","14,000,000",Latif,Jakarta
1/14/2023,Special,37 cm,5,"14,000,000","70,000,000",Haddy,Tangerang
2/20/2025,Sepauk,21 cm,4,"5,000,000","20,000,000",Ajo,Palembang
5/16/2023,Special,40 cm,3,"7,000,000","21,000,000",Haddy,Palembang
3/31/2023,Sumo,31 cm,2,"7,000,000","14,000,000",Ibnu,Bogor
3/30/2023,Special,34 cm,3,"10,000,000","30,000,000",Rosyid,Semarang
11/11/2024,Shortbody,20 cm,1,"8,500,000","8,500,000",Latif,Tangerang
9/3/2024,Slayer,35 cm,1,"10,000,000","10,000,000",Haddy,Bekasi
11/25/2025,Special,32 cm,1,"12,000,000","12,000,000",Latif,Depok
11/10/2025,Special,33 cm,1,"16,000,000","16,000,000",Latif,Tangerang
2/18/2024,Sumo,52 cm,4,"16,000,000","64,000,000",Haddy,Depok
3/15/2023,Sumo,55 cm,5,"10,000,000","50,000,000",Haddy,Bandung
1/8/2024,Slayer,22 cm,2,"10,000,000","20,000,000",Haddy,Depok
1/11/2023,Special,50 cm,5,"12,000,000","60,000,000",Rosyid,Semarang
4/23/2024,Shortbody,23 cm,1,"16,900,000","16,900,000",Ibnu,Bogor
8/16/2025,Shortbody,30 cm,2,"19,500,000","39,000,000",Haddy,Jakarta
3/2/2025,Special,37 cm,4,"12,000,000","48,000,000",Eka,Jakarta
10/21/2023,Sepauk,26 cm,4,"5,000,000","20,000,000",Latif,Bogor
2/5/2023,Shortbody,21 cm,1,"12,000,000","12,000,000",Ibnu,Bekasi
1/7/2024,Slayer,31 cm,2,"9,500,000","19,000,000",Ajo,Tangerang
6/3/2024,Sepauk,40 cm,5,"14,000,000","70,000,000",Rosyid,Depok
2/11/2025,Special,30 cm,1,"7,000,000","7,000,000",Ajo,Tangerang
5/27/2025,Sumo,26 cm,5,"9,500,000","47,500,000",Rosyid,Yogyakarta
2/17/2025,Shortbody,29 cm,1,"14,600,000","14,600,000",Haddy,Bogor
4/6/2025,Slayer,24 cm,1,"8,500,000","8,500,000",Ibnu,Bogor
5/30/2024,Sumo,31 cm,3,"16,000,000","48,000,000",Ibnu,Medan
6/30/2025,Sumo,29 cm,3,"8,500,000","25,500,000",Eka,Makassar
11/10/2023,Shortbody,33 cm,4,"7,000,000","28,000,000",Eka,Denpasar
8/7/2023,Slayer,39 cm,4,"10,000,000","40,000,000",Ibnu,Palembang
5/23/2025,Sepauk,22 cm,10,"5,000,000","50,000,000",Ibnu,Yogyakarta
9/5/2023,Sepauk,29 cm,10,"5,000,000","50,000,000",Ibnu,Tangerang
9/24/2023,Special,55 cm,2,"7,000,000","14,000,000",Rosyid,Jakarta
9/25/2024,Sumo,27 cm,12,"7,000,000","84,000,000",Ajo,Depok
9/18/2023,Slayer,34 cm,1,"19,000,000","19,000,000",Ibnu,Tangerang
8/24/2024,Sepauk,33 cm,4,"5,000,000","20,000,000",Eka,Palembang
10/21/2025,Slayer,40 cm,3,"10,000,000","30,000,000",Rosyid,Pontianak
12/1/2023,Slayer,20 cm,2,"8,500,000","17,000,000",Haddy,Bogor
3/16/2023,Shortbody,24 cm,1,"10,300,000","10,300,000",Eka,Depok
11/6/2024,Slayer,50 cm,4,"12,000,000","48,000,000",Haddy,Bogor
3/15/2023,Special,23 cm,2,"9,500,000","19,000,000",Ajo,Bogor
4/17/2024,Slayer,20 cm,1,"12,000,000","12,000,000",Ibnu,Tangerang
1/19/2024,Sumo,31 cm,5,"8,500,000","42,500,000",Eka,Bogor
7/29/2025,Sumo,35 cm,1,"17,500,000","17,500,000",Haddy,Tangerang
12/3/2025,Slayer,35 cm,1,"16,000,000","16,000,000",Ajo,Depok
3/20/2024,Sepauk,23 cm,5,"16,000,000","80,000,000",Rosyid,Bandung
7/31/2023,Sumo,29 cm,2,"7,000,000","14,000,000",Haddy,Tangerang
3/29/2023,Sumo,38 cm,5,"10,000,000","50,000,000",Rosyid,Tangerang
5/12/2024,Slayer,51 cm,2,"14,000,000","28,000,000",Eka,Bekasi
3/6/2024,Sepauk,41 cm,2,"16,000,000","32,000,000",Eka,Jakarta
4/15/2024,Shortbody,27 cm,1,"13,300,000","13,300,000",Latif,Bekasi
8/5/2023,Slayer,39 cm,3,"7,000,000","21,000,000",Haddy,Medan
3/2/2025,Shortbody,34 cm,3,"14,000,000","42,000,000",Eka,Bekasi
9/21/2024,Sepauk,33 cm,5,"5,000,000","25,000,000",Rosyid,Bekasi
12/29/2023,Slayer,25 cm,1,"8,500,000","8,500,000",Eka,Bekasi
10/15/2025,Sepauk,29 cm,3,"16,000,000","48,000,000",Haddy,Bandung
2/16/2025,Special,27 cm,1,"7,000,000","7,000,000",Ibnu,Tangerang
1/30/2023,Special,23 cm,1,"9,500,000","9,500,000",Ajo,Bogor
5/10/2024,Special,15 cm,1,"12,000,000","12,000,000",Eka,Bogor
10/12/2023,Shortbody,41 cm,1,"10,000,000","10,000,000",Ajo,Depok
1/12/2025,Sumo,23 cm,1,"16,000,000","16,000,000",Haddy,Tangerang
10/21/2025,Slayer,24 cm,2,"8,500,000","17,000,000",Haddy,Tangerang
2/5/2025,Special,29 cm,1,"18,400,000","18,400,000",Ajo,Bekasi
1/22/2023,Special,26 cm,1,"13,400,000","13,400,000",Latif,Jakarta
8/24/2023,Shortbody,26 cm,4,"8,500,000","34,000,000",Eka,Tangerang
2/15/2024,Special,26 cm,1,"15,300,000","15,300,000",Rosyid,Tangerang
7/16/2024,Sumo,50 cm,1,"7,000,000","7,000,000",Ajo,Depok
10/17/2024,Sepauk,26 cm,3,"5,000,000","15,000,000",Haddy,Yogyakarta
3/23/2025,Slayer,25 cm,1,"14,000,000","14,000,000",Eka,Tangerang
5/16/2024,Shortbody,22 cm,1,"13,100,000","13,100,000",Rosyid,Jakarta
6/21/2023,Shortbody,20 cm,1,"11,000,000","11,000,000",Latif,Bogor
9/24/2025,Shortbody,22 cm,2,"10,000,000","20,000,000",Haddy,Bogor
2/17/2024,Shortbody,30 cm,4,"7,000,000","28,000,000",Eka,Medan
10/26/2024,Special,38 cm,1,"10,000,000","10,000,000",Ajo,Tangerang
4/21/2024,Slayer,23 cm,5,"14,000,000","70,000,000",Eka,Bogor
3/28/2024,Shortbody,15 cm,5,"16,000,000","80,000,000",Haddy,Yogyakarta
8/17/2023,Slayer,24 cm,2,"8,500,000","17,000,000",Eka,Depok
7/12/2024,Sepauk,27 cm,2,"9,500,000","19,000,000",Rosyid,Bekasi
1/1/2024,Special,40 cm,1,"7,000,000","7,000,000",Latif,Jakarta
10/26/2023,Sumo,23 cm,1,"7,000,000","7,000,000",Ibnu,Bekasi
4/13/2024,Shortbody,24 cm,2,"10,200,000","20,400,000",Rosyid,Bogor
4/20/2024,Sepauk,55 cm,5,"7,000,000","35,000,000",Eka,Jakarta
11/19/2023,Shortbody,29 cm,2,"13,400,000","26,800,000",Latif,Jakarta
8/14/2023,Sepauk,22 cm,10,"5,000,000","50,000,000",Ibnu,Bogor
5/24/2025,Shortbody,34 cm,2,"14,000,000","28,000,000",Latif,Bekasi
1/8/2023,Sepauk,30 cm,3,"5,000,000","15,000,000",Haddy,Bogor
1/3/2023,Special,32 cm,3,"7,000,000","21,000,000",Ibnu,Semarang
9/16/2024,Sumo,25 cm,3,"9,500,000","28,500,000",Ajo,Palembang
1/6/2025,Sepauk,33 cm,10,"5,000,000","50,000,000",Latif,Depok
9/18/2023,Sepauk,30 cm,1,"8,500,000","8,500,000",Eka,Depok
12/26/2025,Special,39 cm,2,"19,800,000","39,600,000",Eka,Bekasi
3/31/2023,Special,29 cm,1,"10,000,000","10,000,000",Rosyid,Bekasi
2/7/2024,Sumo,22 cm,4,"7,000,000","28,000,000",Eka,Surabaya
10/10/2023,Sumo,52 cm,4,"16,000,000","64,000,000",Ibnu,Bekasi
4/14/2024,Sepauk,23 cm,10,"5,000,000","50,000,000",Haddy,Tangerang
8/24/2024,Sumo,25 cm,3,"14,000,000","42,000,000",Haddy,Yogyakarta
10/11/2024,Special,25 cm,4,"10,000,000","40,000,000",Rosyid,Palembang
2/17/2023,Slayer,29 cm,3,"8,500,000","25,500,000",Latif,Bandung
5/13/2025,Sepauk,22 cm,10,"5,000,000","50,000,000",Haddy,Bogor
2/9/2025,Sumo,24 cm,4,"9,500,000","38,000,000",Ibnu,Jakarta
3/26/2025,Sepauk,21 cm,3,"5,000,000","15,000,000",Ibnu,Semarang
6/25/2025,Sepauk,28 cm,3,"14,000,000","42,000,000",Eka,Yogyakarta
10/16/2023,Special,40 cm,3,"11,100,000","33,300,000",Rosyid,Bandung
10/12/2025,Sumo,25 cm,3,"7,000,000","21,000,000",Latif,Yogyakarta
5/22/2024,Slayer,23 cm,2,"8,500,000","17,000,000",Ibnu,Jakarta
10/17/2023,Sumo,38 cm,3,"7,000,000","21,000,000",Ajo,Bandung
5/10/2023,Sepauk,60 cm,2,"7,000,000","14,000,000",Ajo,Depok
1/4/2023,Shortbody,21 cm,1,"12,100,000","12,100,000",Haddy,Tangerang
12/14/2023,Sumo,37 cm,4,"10,000,000","40,000,000",Haddy,Pontianak
8/8/2025,Sepauk,56 cm,1,"10,000,000","10,000,000",Haddy,Depok
3/20/2024,Sepauk,29 cm,3,"5,000,000","15,000,000",Ajo,Surabaya
11/10/2023,Sumo,28 cm,2,"14,000,000","28,000,000",Eka,Depok
1/6/2023,Sepauk,36 cm,1,"14,000,000","14,000,000",Latif,Depok
11/28/2024,Shortbody,20 cm ,1,"8,500,000","8,500,000",Ibnu,Bogor
9/29/2025,Sumo,27 cm,5,"7,000,000","35,000,000",Ajo,Jakarta
11/15/2023,Special,21 cm,1,"9,500,000","9,500,000",Ibnu,Tangerang
1/20/2023,Slayer,27 cm,5,"9,500,000","47,500,000",Eka,Jakarta
12/28/2024,Sepauk,33 cm,5,"5,000,000","25,000,000",Rosyid,Tangerang
12/10/2024,Sepauk,56 cm,1,"14,000,000","14,000,000",Haddy,Bogor
3/5/2025,Shortbody,29 cm,2,"18,000,000","36,000,000",Eka,Depok
12/15/2023,Sumo,52 cm,5,"8,500,000","42,500,000",Haddy,Depok
7/1/2024,Sepauk,36 cm,1,"16,000,000","16,000,000",Eka,Bekasi
10/31/2024,Sepauk,60 cm,2,"7,000,000","14,000,000",Ibnu,Tangerang
10/11/2024,Sumo,41 cm,1,"10,000,000","10,000,000",Rosyid,Tangerang
9/23/2024,Sepauk,32 cm,5,"5,000,000","25,000,000",Latif,Yogyakarta
2/21/2024,Slayer,22 cm,4,"16,000,000","64,000,000",Ajo,Semarang
3/18/2025,Sepauk,41 cm,5,"7,000,000","35,000,000",Latif,Yogyakarta
6/13/2023,Sepauk,37 cm,4,"10,000,000","40,000,000",Eka,Palembang
6/27/2025,Sepauk,27 cm,4,"5,000,000","20,000,000",Haddy,Medan
12/12/2025,Sepauk,32 cm,5,"10,000,000","50,000,000",Ibnu,Bekasi
1/10/2024,Special,25 cm,2,"16,500,000","33,000,000",Latif,Depok
6/18/2023,Special,34 cm,5,"10,000,000","50,000,000",Ibnu,Bogor
2/4/2024,Sumo,24 cm,2,"7,000,000","14,000,000",Rosyid,Depok
12/12/2024,Sumo,23 cm,2,"14,000,000","28,000,000",Rosyid,Bogor
11/9/2023,Shortbody,31 cm,4,"10,000,000","40,000,000",Latif,Bogor
3/30/2024,Special,33 cm,4,"8,500,000","34,000,000",Ibnu,Bogor
1/25/2023,Sumo,23 cm,10,"7,000,000","70,000,000",Ajo,Bandung
11/2/2024,Slayer,24 cm,4,"9,500,000","38,000,000",Latif,Depok
5/27/2024,Sumo,28 cm,1,"10,000,000","10,000,000",Haddy,Tangerang
1/13/2024,Special,24 cm,1,"10,000,000","10,000,000",Ibnu,Bogor
8/11/2023,Sepauk,51 cm,3,"8,500,000","25,500,000",Haddy,Bogor
5/14/2024,Sumo,33 cm,5,"10,000,000","50,000,000",Eka,Tangerang
8/22/2024,Slayer,20 cm,2,"8,500,000","17,000,000",Ajo,Depok
5/23/2023,Sepauk,22 cm,2,"12,000,000","24,000,000",Haddy,Bekasi
9/25/2025,Sepauk,21 cm,4,"9,500,000","38,000,000",Haddy,Tangerang
3/30/2025,Sumo,23 cm,4,"7,000,000","28,000,000",Haddy,Bandung
8/9/2023,Shortbody,15 cm,1,"12,000,000","12,000,000",Ibnu,Jakarta
9/15/2023,Slayer,27 cm,2,"10,000,000","20,000,000",Rosyid,Jakarta
9/30/2023,Shortbody,28 cm,4,"8,500,000","34,000,000",Latif,Yogyakarta
11/12/2024,Special,51 cm,1,"12,000,000","12,000,000",Ajo,Bekasi
6/14/2023,Shortbody,55 cm,1,"7,000,000","7,000,000",Latif,Bekasi
6/28/2024,Shortbody,20 cm,3,"10,000,000","30,000,000",Eka,Bogor
6/22/2024,Special,37 cm,1,"18,800,000","18,800,000",Haddy,Tangerang
9/28/2025,Shortbody,23 cm,1,"16,900,000","16,900,000",Rosyid,Bogor
12/19/2023,Special,20 cm,1,"10,000,000","10,000,000",Latif,Bekasi
2/3/2025,Shortbody,41 cm,2,"12,000,000","24,000,000",Rosyid,Depok
1/1/2023,Shortbody,15 cm,4,"16,000,000","64,000,000",Rosyid,Denpasar
9/5/2025,Shortbody,33 cm,2,"12,000,000","24,000,000",Eka,Tangerang
2/27/2025,Special,33 cm,2,"10,000,000","20,000,000",Ibnu,Bekasi
3/16/2025,Sepauk,26 cm,10,"5,000,000","50,000,000",Rosyid,Tangerang
6/16/2025,Sumo,60 cm,5,"8,500,000","42,500,000",Ibnu,Depok
6/1/2024,Shortbody,50 cm,2,"14,000,000","28,000,000",Haddy,Bekasi
5/28/2023,Sumo,50 cm,1,"9,500,000","9,500,000",Ibnu,Bogor
4/28/2023,Special,27 cm,2,"13,100,000","26,200,000",Latif,Bekasi
8/22/2023,Sumo,31 cm,1,"16,000,000","16,000,000",Eka,Bekasi
9/2/2023,Shortbody,50 cm,4,"16,000,000","64,000,000",Eka,Palembang
7/30/2024,Shortbody,30 cm,1,"10,000,000","10,000,000",Latif,Bekasi
10/18/2024,Slayer,22 cm,2,"8,500,000","17,000,000",Latif,Bogor
12/5/2023,Sumo,25 cm,3,"16,000,000","48,000,000",Latif,Denpasar
9/21/2023,Shortbody,22 cm,1,"18,700,000","18,700,000",Ibnu,Jakarta
10/17/2024,Sepauk,20 cm,2,"8,500,000","17,000,000",Eka,Bogor
2/10/2024,Shortbody,28 cm,1,"12,100,000","12,100,000",Eka,Bekasi
9/19/2023,Sepauk,34 cm,4,"9,500,000","38,000,000",Ibnu,Makassar
8/18/2025,Special,36 cm,3,"12,100,000","36,300,000",Ibnu,Medan
1/13/2025,Shortbody,34 cm,1,"7,000,000","7,000,000",Haddy,Bekasi
3/12/2023,Special,27 cm,1,"19,400,000","19,400,000",Latif,Bekasi
7/3/2023,Shortbody,30 cm,1,"14,800,000","14,800,000",Ajo,Jakarta
5/7/2024,Special,37 cm,3,"12,000,000","36,000,000",Ajo,Makassar
6/13/2025,Special,34 cm,1,"20,000,000","20,000,000",Rosyid,Bogor
11/23/2023,Shortbody,23 cm,1,"15,000,000","15,000,000",Latif,Jakarta
9/23/2023,Special,33 cm,5,"14,000,000","70,000,000",Latif,Bogor
10/28/2023,Shortbody,25 cm,1,"19,200,000","19,200,000",Eka,Bekasi
8/31/2024,Sumo,23 cm,4,"10,000,000","40,000,000",Ibnu,Medan
2/20/2025,Sepauk,34 cm,3,"7,000,000","21,000,000",Ajo,Bekasi
9/8/2024,Shortbody,37 cm,2,"7,000,000","14,000,000",Latif,Depok
8/29/2024,Special,40 cm,1,"10,500,000","10,500,000",Ibnu,Jakarta
2/1/2025,Special,34 cm,1,"7,000,000","7,000,000",Latif,Jakarta
3/8/2025,Special,50 cm,4,"10,000,000","40,000,000",Haddy,Makassar
3/18/2025,Special,30 cm,4,"9,500,000","38,000,000",Eka,Bogor
9/27/2024,Sumo,32 cm,1,"10,000,000","10,000,000",Haddy,Jakarta
12/5/2025,Slayer,33 cm,1,"10,000,000","10,000,000",Latif,Tangerang
4/24/2025,Shortbody,24 cm,1,"13,700,000","13,700,000",Haddy,Jakarta
9/29/2023,Slayer,26 cm,1,"16,000,000","16,000,000",Latif,Bogor
12/24/2023,Special,40 cm,2,"13,000,000","26,000,000",Rosyid,Bogor
11/25/2023,Sepauk,20 cm,10,"5,000,000","50,000,000",Haddy,Tangerang
12/8/2024,Special,20 cm,2,"14,000,000","28,000,000",Ajo,Bogor
7/30/2025,Slayer,21 cm,5,"9,500,000","47,500,000",Eka,Bogor
7/12/2024,Shortbody,23 cm,4,"7,000,000","28,000,000",Ajo,Makassar
4/19/2024,Sepauk,30 cm,3,"8,500,000","25,500,000",Eka,Bogor
9/30/2025,Sepauk,55 cm,4,"9,500,000","38,000,000",Eka,Yogyakarta
4/29/2023,Shortbody,21 cm,2,"14,700,000","29,400,000",Haddy,Tangerang
12/29/2024,Sumo,31 cm,2,"7,000,000","14,000,000",Haddy,Bekasi
5/10/2024,Slayer,27 cm,5,"12,000,000","60,000,000",Ajo,Yogyakarta
9/17/2025,Sumo,34 cm,4,"14,000,000","56,000,000",Rosyid,Makassar
12/20/2023,Special,25 cm,2,"10,000,000","20,000,000",Haddy,Bogor
1/31/2024,Special,28 cm,1,"19,900,000","19,900,000",Rosyid,Bogor
9/9/2023,Sepauk,60 cm,2,"12,000,000","24,000,000",Rosyid,Depok
10/14/2024,Sepauk,60 cm,2,"12,000,000","24,000,000",Rosyid,Jakarta
12/3/2024,Slayer,56 cm,1,"16,000,000","16,000,000",Ajo,Bogor
10/12/2025,Sepauk,27 cm,10,"5,000,000","50,000,000",Rosyid,Depok
9/7/2023,Special,26 cm,1,"12,900,000","12,900,000",Latif,Bekasi
5/23/2024,Shortbody,25 cm,1,"12,800,000","12,800,000",Latif,Bogor
12/16/2024,Special,56 cm,2,"14,000,000","28,000,000",Haddy,Bogor
5/31/2023,Slayer,22 cm,3,"12,000,000","36,000,000",Ajo,Bekasi
9/20/2024,Sumo,34 cm,5,"7,000,000","35,000,000",Haddy,Jakarta
12/4/2023,Shortbody,55 cm,3,"12,000,000","36,000,000",Ibnu,Surabaya
12/23/2025,Sepauk,22 cm,3,"9,500,000","28,500,000",Latif,Denpasar
2/12/2023,Shortbody,24 cm,1,"18,300,000","18,300,000",Rosyid,Bekasi
9/14/2023,Sepauk,33 cm,4,"5,000,000","20,000,000",Rosyid,Pontianak
6/30/2025,Special,37 cm,1,"14,000,000","14,000,000",Rosyid,Bekasi
9/18/2025,Special,34 cm,5,"10,000,000","50,000,000",Latif,Yogyakarta
9/30/2023,Sumo,28 cm,3,"14,000,000","42,000,000",Ajo,Bandung
5/12/2024,Sumo,30 cm,3,"8,500,000","25,500,000",Ajo,Denpasar
1/31/2024,Sumo,32 cm,15,"7,000,000","105,000,000",Rosyid,Bandung
11/15/2024,Shortbody,21 cm,1,"16,000,000","16,000,000",Ibnu,Depok
8/6/2023,Shortbody,20 cm,1,"16,000,000","16,000,000",Ajo,Tangerang
5/25/2024,Special,31 cm,5,"10,000,000","50,000,000",Rosyid,Bogor
12/2/2024,Sepauk,20 cm,3,"5,000,000","15,000,000",Eka,Depok
8/29/2024,Sumo,35 cm,4,"14,000,000","56,000,000",Eka,Depok
2/24/2025,Shortbody,34 cm,2,"10,000,000","20,000,000",Latif,Bekasi
10/1/2025,Slayer,29 cm,5,"9,500,000","47,500,000",Ibnu,Yogyakarta
9/2/2023,Sumo,31 cm,4,"12,000,000","48,000,000",Rosyid,Denpasar
9/5/2024,Special,38 cm,4,"12,000,000","48,000,000",Ajo,Medan
8/10/2024,Sumo,52 cm,1,"8,500,000","8,500,000",Ibnu,Bogor
5/6/2023,Slayer,40 cm,1,"9,500,000","9,500,000",Rosyid,Depok
1/10/2024,Shortbody,26 cm,1,"8,500,000","8,500,000",Ibnu,Jakarta
1/25/2023,Shortbody,26 cm,3,"16,000,000","48,000,000",Ibnu,Pontianak
11/27/2025,Special,52 cm,5,"8,500,000","42,500,000",Latif,Bekasi
10/6/2024,Sepauk,20 cm,4,"8,500,000","34,000,000",Rosyid,Depok
8/22/2025,Sepauk,37 cm,5,"12,000,000","60,000,000",Rosyid,Jakarta
2/13/2023,Special,39 cm,2,"17,700,000","35,400,000",Rosyid,Depok
7/20/2025,Special,21 cm,4,"8,500,000","34,000,000",Ibnu,Surabaya
12/9/2024,Shortbody,27 cm,1,"15,300,000","15,300,000",Haddy,Bogor
11/28/2025,Slayer,37 cm,2,"7,000,000","14,000,000",Rosyid,Depok
7/1/2025,Sepauk,51 cm,5,"14,000,000","70,000,000",Rosyid,Depok
12/7/2025,Sumo,60 cm,5,"9,500,000","47,500,000",Haddy,Yogyakarta
11/12/2023,Shortbody,21 cm,1,"12,800,000","12,800,000",Haddy,Bogor
5/8/2025,Special,40 cm,1,"15,900,000","15,900,000",Haddy,Depok
5/4/2025,Slayer,30 cm,4,"9,500,000","38,000,000",Ajo,Semarang
1/5/2025,Slayer,20 cm,1,"8,500,000","8,500,000",Latif,Jakarta
2/24/2023,Shortbody,29 cm,1,"15,100,000","15,100,000",Rosyid,Bekasi
12/24/2024,Sumo,30 cm,3,"7,000,000","21,000,000",Ajo,Bandung
4/21/2024,Sumo,32 cm,3,"10,000,000","30,000,000",Ibnu,Denpasar
7/30/2024,Sepauk,60 cm,5,"9,500,000","47,500,000",Latif,Bandung
7/15/2024,Slayer,50 cm,5,"7,000,000","35,000,000",Ibnu,Bogor
5/7/2024,Sumo,55 cm,3,"7,000,000","21,000,000",Latif,Surabaya
2/11/2025,Slayer,40 cm,4,"12,000,000","48,000,000",Haddy,Palembang
3/9/2024,Slayer,34 cm,4,"8,500,000","34,000,000",Ajo,Denpasar
1/12/2025,Slayer,26 cm,1,"9,500,000","9,500,000",Haddy,Bogor
8/24/2024,Special,40 cm,4,"16,000,000","64,000,000",Ajo,Surabaya
5/21/2024,Sepauk,27 cm,3,"5,000,000","15,000,000",Eka,Medan
6/3/2023,Shortbody,25 cm,1,"18,600,000","18,600,000",Haddy,Bogor
4/18/2024,Shortbody,29 cm,1,"13,300,000","13,300,000",Haddy,Jakarta
10/14/2025,Sepauk,21 cm,4,"5,000,000","20,000,000",Haddy,Semarang
8/31/2023,Special,40 cm,1,"11,400,000","11,400,000",Haddy,Tangerang
10/12/2025,Sumo,30 cm,10,"7,000,000","70,000,000",Ibnu,Semarang
2/8/2025,Sepauk,30 cm,3,"7,000,000","21,000,000",Rosyid,Depok
2/21/2024,Sepauk,27 cm,3,"8,500,000","25,500,000",Rosyid,Medan
8/2/2023,Shortbody,26 cm,1,"11,200,000","11,200,000",Ajo,Depok
4/3/2024,Sumo,50 cm,1,"12,000,000","12,000,000",Haddy,Bekasi
12/2/2024,Sepauk,30 cm,2,"12,000,000","24,000,000",Rosyid,Jakarta
8/31/2023,Shortbody,27 cm,1,"16,500,000","16,500,000",Ajo,Jakarta
12/2/2025,Sumo,51 cm,2,"12,000,000","24,000,000",Rosyid,Depok
1/11/2025,Sumo,60 cm,1,"12,000,000","12,000,000",Rosyid,Tangerang
9/25/2025,Sepauk,30 cm,2,"7,000,000","14,000,000",Ibnu,Jakarta
1/4/2024,Slayer,24 cm,2,"8,500,000","17,000,000",Rosyid,Tangerang
11/27/2024,Sepauk,15 cm,1,"14,000,000","14,000,000",Ibnu,Depok
6/26/2025,Shortbody,35 cm,3,"12,000,000","36,000,000",Eka,Jakarta
10/14/2024,Special,33 cm,1,"14,400,000","14,400,000",Haddy,Tangerang
2/6/2023,Slayer,24 cm,1,"9,500,000","9,500,000",Ajo,Bekasi
6/25/2024,Sumo,25 cm,20,"7,000,000","140,000,000",Rosyid,Jakarta
7/15/2023,Special,34 cm,5,"10,000,000","50,000,000",Haddy,Bekasi
5/30/2025,Slayer,37 cm,3,"10,000,000","30,000,000",Haddy,Palembang
9/16/2023,Sepauk,33 cm,2,"14,000,000","28,000,000",Ajo,Depok
4/30/2023,Shortbody,31 cm,3,"9,500,000","28,500,000",Haddy,Bogor
10/19/2025,Special,32 cm,1,"19,100,000","19,100,000",Rosyid,Tangerang
7/16/2025,Special,40 cm,1,"19,000,000","19,000,000",Ajo,Depok
4/1/2023,Special,38 cm,2,"15,900,000","31,800,000",Latif,Bogor
5/7/2025,Sumo,56 cm,4,"7,000,000","28,000,000",Eka,Jakarta
3/3/2025,Sepauk,30 cm,3,"5,000,000","15,000,000",Haddy,Depok
9/26/2025,Slayer,24 cm,4,"12,000,000","48,000,000",Rosyid,Yogyakarta
5/17/2023,Special,26 cm,1,"8,500,000","8,500,000",Latif,Bogor
1/1/2025,Sepauk,32 cm,3,"5,000,000","15,000,000",Eka,Medan
10/12/2025,Special,35 cm,1,"19,900,000","19,900,000",Rosyid,Bogor
7/15/2025,Sepauk,34 cm,10,"5,000,000","50,000,000",Ibnu,Jakarta
9/14/2023,Shortbody,51 cm,3,"8,500,000","25,500,000",Ibnu,Depok
11/28/2023,Slayer,33 cm,5,"16,000,000","80,000,000",Ibnu,Yogyakarta
4/14/2024,Shortbody,27 cm,1,"16,500,000","16,500,000",Rosyid,Tangerang
3/28/2025,Sepauk,37 cm,2,"7,000,000","14,000,000",Rosyid,Depok
2/12/2023,Sepauk,29 cm,6,"5,000,000","30,000,000",Ajo,Semarang
4/11/2024,Special,39 cm,3,"8,500,000","25,500,000",Ajo,Palembang
8/19/2023,Sumo,23 cm,2,"8,500,000","17,000,000",Ibnu,Tangerang
9/6/2025,Shortbody,41 cm,1,"12,000,000","12,000,000",Latif,Jakarta
12/11/2025,Shortbody,22 cm,1,"15,300,000","15,300,000",Ajo,Bekasi
6/27/2023,Slayer,52 cm,5,"16,000,000","80,000,000",Rosyid,Bekasi
4/19/2024,Sumo,60 cm,1,"14,000,000","14,000,000",Ajo,Depok
5/19/2025,Sumo,50 cm,1,"14,000,000","14,000,000",Latif,Jakarta
3/10/2023,Sepauk,56 cm,3,"7,000,000","21,000,000",Eka,Bogor
3/16/2023,Slayer,15 cm,5,"12,000,000","60,000,000",Eka,Jakarta
1/10/2025,Special,32 cm,5,"16,000,000","80,000,000",Rosyid,Bekasi
4/2/2024,Sumo,39 cm,3,"8,500,000","25,500,000",Haddy,Medan
7/17/2023,Sepauk,40 cm,5,"12,000,000","60,000,000",Ibnu,Tangerang
10/13/2025,Special,24 cm,4,"8,500,000","34,000,000",Latif,Bogor
3/9/2025,Special,33 cm,4,"14,000,000","56,000,000",Eka,Pontianak
5/28/2025,Special,50 cm,4,"8,500,000","34,000,000",Eka,Jakarta
3/5/2024,Sepauk,22 cm,3,"8,500,000","25,500,000",Latif,Surabaya
6/7/2025,Shortbody,51 cm,2,"16,000,000","32,000,000",Latif,Tangerang
8/2/2023,Slayer,28 cm,3,"7,000,000","21,000,000",Haddy,Palembang
9/26/2024,Slayer,31 cm,1,"10,000,000","10,000,000",Rosyid,Jakarta
9/28/2025,Shortbody,26 cm,2,"11,900,000","23,800,000",Eka,Depok
12/17/2023,Sepauk,26 cm,4,"5,000,000","20,000,000",Ibnu,Depok
10/11/2025,Special,35 cm,1,"13,000,000","13,000,000",Rosyid,Bogor
10/22/2023,Special,27 cm,1,"12,800,000","12,800,000",Ajo,Jakarta
11/3/2023,Sumo,33 cm,3,"14,000,000","42,000,000",Ibnu,Makassar
5/9/2025,Slayer,41 cm,1,"8,500,000","8,500,000",Eka,Jakarta
1/22/2023,Shortbody,60 cm,4,"9,500,000","38,000,000",Eka,Jakarta
1/2/2024,Sepauk,20 cm,10,"5,000,000","50,000,000",Eka,Yogyakarta
11/27/2025,Sumo,36 cm,3,"12,000,000","36,000,000",Rosyid,Depok
8/26/2025,Special,31 cm,2,"15,200,000","30,400,000",Rosyid,Jakarta
10/3/2025,Sepauk,30 cm,4,"12,000,000","48,000,000",Latif,Palembang
2/9/2025,Shortbody,26 cm,1,"12,900,000","12,900,000",Latif,Jakarta
9/3/2023,Slayer,27 cm,4,"10,000,000","40,000,000",Eka,Semarang
8/6/2025,Shortbody,34 cm,3,"8,500,000","25,500,000",Ajo,Yogyakarta
5/2/2025,Sepauk,20 cm,5,"16,000,000","80,000,000",Rosyid,Depok
4/16/2025,Sumo,51 cm,2,"8,500,000","17,000,000",Haddy,Jakarta
2/7/2025,Shortbody,28 cm,3,"7,000,000","21,000,000",Rosyid,Bekasi
8/22/2024,Sepauk,41 cm,3,"8,500,000","25,500,000",Ajo,Yogyakarta
3/7/2024,Shortbody,34 cm,1,"10,000,000","10,000,000",Eka,Bekasi
7/4/2025,Shortbody,39 cm,1,"12,000,000","12,000,000",Ajo,Tangerang
10/20/2023,Shortbody,28 cm,4,"12,000,000","48,000,000",Haddy,Makassar
5/9/2023,Special,31 cm,1,"16,700,000","16,700,000",Ajo,Jakarta
8/3/2023,Sepauk,31 cm,3,"5,000,000","15,000,000",Haddy,Depok
3/20/2023,Shortbody,60 cm,1,"7,000,000","7,000,000",Ajo,Bogor
10/28/2025,Special,29 cm,1,"15,700,000","15,700,000",Eka,Bekasi
6/20/2024,Special,30 cm,3,"7,000,000","21,000,000",Eka,Pontianak
6/2/2024,Sepauk,34 cm,3,"7,000,000","21,000,000",Latif,Semarang
12/21/2025,Sepauk,51 cm,5,"9,500,000","47,500,000",Rosyid,Semarang
4/12/2025,Slayer,22 cm,2,"8,500,000","17,000,000",Rosyid,Bekasi
9/25/2024,Sepauk,31 cm,7,"5,000,000","35,000,000",Haddy,Yogyakarta
2/16/2025,Special,31 cm,3,"14,000,000","42,000,000",Eka,Bandung
3/7/2025,Shortbody,21 cm,2,"18,300,000","36,600,000",Rosyid,Bekasi
8/2/2024,Sepauk,40 cm,5,"10,000,000","50,000,000",Latif,Bekasi
3/8/2024,Sepauk,23 cm,1,"14,000,000","14,000,000",Ibnu,Bekasi
9/13/2025,Sumo,33 cm,1,"13,800,000","13,800,000",Ibnu,Jakarta
5/31/2024,Special,28 cm,1,"14,000,000","14,000,000",Latif,Depok
5/7/2024,Special,29 cm,1,"17,100,000","17,100,000",Haddy,Depok
5/28/2025,Shortbody,26 cm,3,"12,000,000","36,000,000",Ibnu,Palembang
12/26/2023,Special,24 cm,5,"8,500,000","42,500,000",Latif,Bandung
1/22/2025,Shortbody,26 cm,2,"18,800,000","37,600,000",Ajo,Jakarta
4/28/2024,Special,27 cm,2,"7,000,000","14,000,000",Haddy,Jakarta
3/23/2024,Special,28 cm,3,"7,000,000","21,000,000",Haddy,Tangerang
9/25/2025,Special,41 cm,4,"10,000,000","40,000,000",Eka,Makassar
3/3/2023,Special,40 cm,3,"9,500,000","28,500,000",Latif,Bandung
9/17/2023,Sepauk,31 cm,10,"5,000,000","50,000,000",Ajo,Bogor
5/7/2023,Sumo,41 cm,3,"9,500,000","28,500,000",Rosyid,Jakarta
3/19/2025,Sumo,50 cm,2,"14,000,000","28,000,000",Ibnu,Tangerang
5/20/2023,Special,31 cm,2,"15,900,000","31,800,000",Rosyid,Tangerang
9/12/2025,Sumo,26 cm,2,"12,000,000","24,000,000",Rosyid,Depok
1/23/2024,Special,28 cm,2,"16,000,000","32,000,000",Rosyid,Depok
6/24/2025,Sumo,34 cm,3,"11,200,000","33,600,000",Haddy,Tangerang
9/7/2024,Sumo,27 cm,1,"8,500,000","8,500,000",Eka,Jakarta
9/14/2023,Special,27 cm,2,"18,900,000","37,800,000",Haddy,Bogor
7/19/2023,Special,60 cm,1,"16,000,000","16,000,000",Ajo,Bekasi
9/10/2023,Sepauk,29 cm,1,"12,000,000","12,000,000",Rosyid,Bogor
6/18/2024,Shortbody,21 cm,2,"12,900,000","25,800,000",Ibnu,Depok
12/7/2024,Shortbody,60 cm,3,"12,000,000","36,000,000",Ajo,Denpasar
7/20/2024,Slayer,56 cm,3,"10,000,000","30,000,000",Ibnu,Semarang
7/2/2023,Sepauk,38 cm,3,"14,000,000","42,000,000",Haddy,Surabaya
2/18/2025,Special,31 cm,1,"14,100,000","14,100,000",Eka,Bogor
3/9/2023,Special,40 cm,1,"19,100,000","19,100,000",Rosyid,Bogor
11/17/2023,Sumo,24 cm,15,"7,000,000","105,000,000",Haddy,Bekasi
7/19/2023,Sumo,20 cm,2,"7,000,000","14,000,000",Ajo,Jakarta
7/11/2025,Slayer,39 cm,2,"7,000,000","14,000,000",Ibnu,Jakarta
12/14/2023,Special,55 cm,4,"16,000,000","64,000,000",Haddy,Surabaya
4/2/2025,Special,31 cm,4,"9,500,000","38,000,000",Haddy,Bandung
10/27/2023,Sepauk,27 cm,4,"5,000,000","20,000,000",Eka,Yogyakarta
9/3/2023,Special,37 cm,1,"19,400,000","19,400,000",Ibnu,Tangerang
4/12/2023,Sepauk,38 cm,3,"10,000,000","30,000,000",Haddy,Bekasi
4/8/2025,Sumo,29 cm,4,"12,000,000","48,000,000",Eka,Makassar
7/27/2025,Special,35 cm,1,"11,200,000","11,200,000",Ibnu,Bekasi
1/29/2023,Shortbody,29 cm,1,"16,500,000","16,500,000",Ajo,Depok
6/23/2023,Shortbody,24 cm,5,"10,000,000","50,000,000",Haddy,Bekasi
6/6/2023,Slayer,22 cm,1,"7,000,000","7,000,000",Ibnu,Depok
6/26/2024,Sumo,33 cm,2,"14,000,000","28,000,000",Eka,Bogor
12/18/2023,Sumo,52 cm,3,"8,500,000","25,500,000",Haddy,Tangerang
1/31/2025,Slayer,33 cm,2,"7,000,000","14,000,000",Haddy,Depok
5/16/2024,Shortbody,27 cm,3,"7,000,000","21,000,000",Haddy,Jakarta
11/22/2024,Sumo,56 cm,5,"8,500,000","42,500,000",Rosyid,Bogor
